ID,email,password,first_name,last_name,phone_number,role
1,cilett0@paginegialle.it,4ZdsJX,Charlean,Ilett,756-127-5791,user
2,kmalmar1@usa.gov,IJxeLe,Kore,Malmar,945-823-9928,user
3,kmccaughan2@chron.com,HuUXFGlk,Kenny,McCaughan,366-311-2272,user
4,abilham3@theguardian.com,ciNqdGTmXy,Audy,Bilham,262-319-0402,user
5,ddesesquelle4@google.es,oJW6X06sF5t,Denise,Desesquelle,297-771-7414,user
6,clegendre5@nationalgeographic.com,NOij4O1,Cornelle,Legendre,954-332-3415,user
7,pcartwright6@nyu.edu,reCGxFkU0IS,Philip,Cartwright,218-596-9559,user
8,pmcquie7@cam.ac.uk,BvyBXvCexdG4,Pennie,McQuie,391-318-7431,user
9,iallner8@indiatimes.com,WbB3Mxz,Imogene,Allner,656-359-5092,user
10,pimlach9@sciencedirect.com,k6mkNaKDozC,Phillip,Imlach,134-624-0953,user
11,acanfera@liveinternet.ru,OGVFBZ8Wm1nH,Ashil,Canfer,917-433-6187,user
12,pterbeckb@google.com,bezUpNwO,Paige,Terbeck,722-462-8549,user
13,dmaccrackanc@guardian.co.uk,3xSBH3U3,Damita,MacCrackan,601-693-7994,user
14,tneesamd@ow.ly,7ijk8Ixh,Tab,Neesam,153-160-4244,user
15,zlawse@hud.gov,P55CAX,Zsazsa,Laws,971-856-1699,user
16,ihartmanf@psu.edu,q7UiSm56h9,Ira,Hartman,661-260-5719,user
17,bvictoryg@barnesandnoble.com,nooBDzr,Blondy,Victory,862-970-8152,user
18,dlhommeh@unicef.org,dy4gjUovL1md,Derby,L'Homme,878-461-4021,user
19,jbindingi@nps.gov,pTYSisvBvHdY,Judith,Binding,553-472-1874,user
20,cskeenj@sina.com.cn,F00V0cT112,Cinderella,Skeen,228-768-7421,user
21,lgiraldok@printfriendly.com,eKo9t3S2k,Lita,Giraldo,151-154-9355,user
22,twickendonl@forbes.com,NOuJNuAjt,Tansy,Wickendon,813-532-7842,user
23,mwolfingerm@flickr.com,P1Bg5rvPWk2S,Matt,Wolfinger,783-701-8312,user
24,eerikssonn@skype.com,1HCd5tNxcaMp,Elfrida,Eriksson,695-601-9855,user
25,kkohrseno@wikia.com,INpkEt1,Katy,Kohrsen,357-525-0537,user
26,tleaverp@ow.ly,3QOI14l,Tracey,Leaver,634-889-0146,user
27,cstruysq@go.com,HWSN6bm4GPh,Clyde,Struys,536-243-3356,user
28,htomblingsr@alexa.com,tntUXE,Helyn,Tomblings,902-825-7699,user
29,ncasinis@squarespace.com,qnIHGdCPR,Nikoletta,Casini,480-302-6998,user
30,fperaccot@umn.edu,LDKJfo5mj,Foster,Peracco,272-377-3547,user
31,nsussexu@spiegel.de,hhZQwImiN,Nessa,Sussex,163-479-4285,user
32,dwintlev@wix.com,POJ2zHWx86,Dimitri,Wintle,377-421-4066,user
33,pburnessw@hp.com,8OKBb3,Paxton,Burness,520-903-5171,user
34,smacclanceyx@samsung.com,8ryc6fx,Sophia,MacClancey,354-882-2579,user
35,ljoey@acquirethisname.com,VClCnCBh,Lynnet,Joe,892-766-2624,user
36,mhenrikssonz@webs.com,hEPCzy,Myrle,Henriksson,348-436-7261,user
37,gdudlestone10@123-reg.co.uk,VRZObZ6O,Glennie,Dudlestone,854-852-7435,user
38,phenfre11@unesco.org,qEvmWsqIJey,Pate,Henfre,584-383-1057,user
39,ajeyes12@moonfruit.com,m8AIN9YC,Ann,Jeyes,316-679-5535,user
40,cteenan13@unc.edu,Cm0C4pfKV1uG,Correy,Teenan,213-576-4101,user
41,ascholte14@bbb.org,oZ0NCx,Alvie,Scholte,598-431-8961,user
42,telnaugh15@examiner.com,k77mBg20i,Theo,Elnaugh,457-567-9268,user
43,csilliman16@purevolume.com,wZzWE1BX7,Cassie,Silliman,815-408-5416,user
44,tthow17@psu.edu,pgQXnasEuY,Tedra,Thow,373-286-5924,user
45,uraun18@pbs.org,F3qVC0VG1ZBP,Ursola,Raun,458-940-5372,user
46,gklasen19@dion.ne.jp,sSLzVjny,Garland,Klasen,915-309-1601,user
47,kkollach1a@unesco.org,mVuH4udmC3oh,Kesley,Kollach,648-403-4140,user
48,ckirke1b@mlb.com,CurZ9qliTu,Cly,Kirke,610-966-3411,user
49,lfedorski1c@digg.com,MrEEgj4vO,Laurianne,Fedorski,769-101-6661,user
50,hdedden1d@netlog.com,EY9KnlDkwf,Husein,Dedden,208-577-1059,user
51,amckeller1e@stumbleupon.com,l9Np99bgE2,Abigail,McKeller,861-905-7710,user
52,maldiss1f@bing.com,77JNydt4pLQ,Melisa,Aldiss,489-734-9670,user
53,athurborn1g@blogspot.com,vccqVIc,Ayn,Thurborn,283-779-1280,user
54,rimpey1h@csmonitor.com,Yp0RsIDZCCLp,Rozele,Impey,663-381-5148,user
55,achesley1i@mapquest.com,npRweZYB,Alonzo,Chesley,443-964-6605,user
56,thugnot1j@123-reg.co.uk,xSulich8nOm,Terrijo,Hugnot,785-921-6091,user
57,gpellamont1k@discovery.com,Dq4loX,Gloriane,Pellamont,105-336-6004,user
58,kmoryson1l@wunderground.com,GcHZP4W,Kyle,Moryson,977-367-7004,user
59,lesselin1m@facebook.com,4BPics05,Larisa,Esselin,163-694-5649,user
60,bstainton1n@patch.com,5AXTGhmeJVz,Berky,Stainton,689-692-8392,user
61,hschuster1o@time.com,ZRY2Ir,Hube,Schuster,264-734-6488,user
62,edeaconson1p@edublogs.org,UKKXOfU9zP,Elsworth,Deaconson,659-781-6419,user
63,gbrendel1q@blog.com,bFcaDNrDk,Garry,Brendel,982-950-6195,user
64,pgiraudel1r@va.gov,Ec72In2,Port,Giraudel,736-913-8437,user
65,oedinburough1s@nymag.com,dy7Q1U3,Orsola,Edinburough,258-284-1511,user
66,sstronach1t@goodreads.com,yzQltERMp74,Stephie,Stronach,577-946-8775,user
67,kwinder1u@behance.net,FGzV5B6VVPov,Krista,Winder,367-498-9669,user
68,agaynes1v@zdnet.com,LP3Cz6gt45J7,Alford,Gaynes,159-853-6546,user
69,bjodlowski1w@bizjournals.com,44YDuAyQj8,Banky,Jodlowski,522-431-4004,user
70,ecorzor1x@harvard.edu,KgTLSipA7Hzb,Elspeth,Corzor,901-926-1599,user
71,tdallicott1y@intel.com,XWHvXs4,Terry,Dallicott,297-919-5290,user
72,ekeri1z@go.com,dVJfoLm9d,Esther,Keri,246-454-9510,user
73,hnornable20@java.com,MoPA0KHAyRq,Hakeem,Nornable,394-211-2204,user
74,fnovakovic21@clickbank.net,Q35ZVlGIj2,Fiona,Novakovic,525-401-7110,user
75,dyare22@usnews.com,QM7T0uM,Dulcinea,Yare,870-307-2647,user
76,nfeary23@e-recht24.de,Tauc2FsUS,Natal,Feary,612-953-3455,user
77,bagostini24@businessweek.com,HyPoom,Bride,Agostini,643-155-8043,user
78,kclaisse25@cam.ac.uk,2uGzn80D,Knox,Claisse,640-425-8827,user
79,pjoiner26@drupal.org,KGt8vh,Pedro,Joiner,815-207-4422,user
80,gmckinnon27@is.gd,rSALdYHgA2,Griffie,McKinnon,104-454-0779,user
81,kapplebee28@slashdot.org,6LsrzOjTa,Kendell,Applebee,661-965-6028,user
82,kchiddy29@usnews.com,XVzUkPUwMs,Keelia,Chiddy,215-825-8191,user
83,lraffels2a@ibm.com,mlmW8vDxRSy4,Laurice,Raffels,602-605-5881,user
84,tchrippes2b@webmd.com,rvX0qGN,Teodor,Chrippes,973-180-7259,user
85,cdunkinson2c@hugedomains.com,C71ij4iku3F,Clarabelle,Dunkinson,461-857-4288,user
86,cbolderson2d@delicious.com,lkKZSmNNgx,Callie,Bolderson,985-207-4304,user
87,cknapp2e@csmonitor.com,ymdRITP115cs,Coop,Knapp,307-469-5383,user
88,hortes2f@ycombinator.com,L29rP9Od,Hinze,Ortes,272-342-4572,user
89,sfarrimond2g@last.fm,TN8pvJySM,Seymour,Farrimond,796-127-6527,user
90,mhodgets2h@people.com.cn,B0p6Y4n,Mirabella,Hodgets,291-641-0138,user
91,fclack2i@mail.ru,pYL1AZwTAO,Fernando,Clack,359-610-3217,user
92,coller2j@alibaba.com,xJM5ZFtLE,Claudie,Oller,691-121-6635,user
93,sutteridge2k@last.fm,TASHpKp00T3,Sibyl,Utteridge,492-422-4460,user
94,jkemetz2l@europa.eu,cE3gmjW,Jennette,Kemetz,701-529-7413,user
95,dvallentin2m@indiatimes.com,kqClYdYcVL,Derek,Vallentin,627-151-4067,user
96,ebruckental2n@go.com,vrhraykl,Emmy,Bruckental,707-253-2126,user
97,bwarby2o@huffingtonpost.com,GuO8ZW,Brittany,Warby,923-706-8361,user
98,estayte2p@paypal.com,72Cr4HdN4wW,Ewen,Stayte,927-124-9558,user
99,ftoothill2q@nytimes.com,rBfzDVbhLV7T,Flore,Toothill,648-953-8165,user
100,dhuc2r@flavors.me,RFWrboXpwMk,Delaney,Huc,713-211-8373,user
101,fcapstaff2s@tripod.com,jNTF5vjz,Filberto,Capstaff,708-482-2587,user
102,xgalway2t@about.me,Gmsmxz,Xavier,Galway,185-909-6318,user
103,ndray2u@ow.ly,CpNH0F325,Nora,Dray,441-912-2054,user
104,membery2v@noaa.gov,71eV6mIyC,Mervin,Embery,516-190-6723,user
105,ptydeman2w@ox.ac.uk,cCtueDqP,Phedra,Tydeman,779-739-8423,user
106,nwethers2x@liveinternet.ru,pCsYuF,Nigel,Wethers,321-428-0845,user
107,tayrton2y@xing.com,YdpdcXr9j7w,Tris,Ayrton,984-820-4701,user
108,bpasse2z@themeforest.net,be1NhZ7oRCnu,Burke,Passe,585-623-6077,user
109,astoaks30@privacy.gov.au,8Gps5yX2l,Albertina,Stoaks,425-597-0666,user
110,bvallentine31@biblegateway.com,n3FRpVWOm,Binky,Vallentine,123-509-2373,user
111,rpennini32@census.gov,gqkllAo,Regina,Pennini,645-449-5303,user
112,jriddler33@stanford.edu,ro8fVwcE,Joann,Riddler,670-284-3546,user
113,mquickfall34@soup.io,1UcqorZzGcB5,Melodee,Quickfall,348-765-8328,user
114,kaugar35@yolasite.com,5lNsfCye4zB,Kliment,Augar,686-795-8752,user
115,bdemanuele36@w3.org,GzV9ZbfBLq,Brad,D'Emanuele,636-364-1682,user
116,mhasley37@pcworld.com,R92hnFa3,Monika,Hasley,556-706-2617,user
117,aquesne38@cdc.gov,nfyN2XXDfs8r,Aurelia,Quesne,728-807-6215,user
118,kdufray39@discuz.net,Mder59UZM,Kaspar,Du Fray,462-997-0873,user
119,jlongfield3a@chronoengine.com,rripJw0g,Julienne,Longfield,786-122-5515,user
120,theaphy3b@bizjournals.com,UC7GsxO,Thaddeus,Heaphy,546-749-5382,user
121,achomley3c@reverbnation.com,rON9FNsBwDZ,Anitra,Chomley,967-222-3299,user
122,dguerin3d@psu.edu,tSq2Vq,Daisie,Guerin,937-127-0245,user
123,aharden3e@nba.com,jL5dSBp1,Angel,Harden,657-519-9995,user
124,aibbett3f@dailymail.co.uk,Ho9BDsD,Arin,Ibbett,101-686-9229,user
125,goshiels3g@unc.edu,sFO63pulMq,Gram,O'Shiels,937-465-3652,user
126,gmcaless3h@wikispaces.com,aSgT5TBd6hM2,Gwenette,McAless,168-828-5134,user
127,kclapperton3i@google.it,8awacJ,Kenny,Clapperton,679-116-5181,user
128,dgladdin3j@japanpost.jp,t07OOw,Dmitri,Gladdin,693-632-5383,user
129,asymones3k@webnode.com,bRfuldlBLpO,Aurelea,Symones,702-943-6006,user
130,rpinniger3l@hexun.com,ViQhLpj,Renell,Pinniger,471-989-1950,user
131,ceddins3m@dyndns.org,ZaQY1o,Claudelle,Eddins,941-390-0957,user
132,obamling3n@un.org,0l30K1Nr9DDF,Oralie,Bamling,586-242-9882,user
133,akaesmans3o@gov.uk,fSK1n2OASE,Aaren,Kaesmans,115-687-3973,user
134,thobden3p@amazon.de,SmrzLv5e,Trixi,Hobden,537-176-7700,user
135,dvardy3q@cocolog-nifty.com,oHsQJ8Sw,Daffi,Vardy,818-808-4181,user
136,cparkyns3r@thetimes.co.uk,BX3G6H1lsLmW,Cthrine,Parkyns,134-556-1500,user
137,smalafe3s@digg.com,GT22To,Shaina,Malafe,992-632-2566,user
138,sallabush3t@mediafire.com,ftkfK5MzCj,Sharity,Allabush,264-987-5154,user
139,jfowles3u@jugem.jp,0PpPINJ,Joleen,Fowles,475-648-6368,user
140,scellone3v@netlog.com,KUlCZIP,Shurwood,Cellone,484-571-2913,user
141,aeate3w@cmu.edu,LKhj13,Armando,Eate,599-301-7774,user
142,mbatte3x@mashable.com,GNstZza,Minny,Batte,708-714-0984,user
143,hpeyto3y@mlb.com,O8MaBa,Hamel,Peyto,463-116-2148,user
144,clarret3z@amazon.de,bggbzwLFR,Clifford,Larret,570-703-0043,user
145,jlyst40@bbc.co.uk,Rjedcl,Judah,Lyst,774-590-9200,user
146,dcrossgrove41@artisteer.com,C1UCUaHC,Dominica,Crossgrove,212-770-4059,user
147,hfahy42@stanford.edu,TZVDEP,Hillary,Fahy,739-528-4031,user
148,pfotheringham43@salon.com,XC0k491,Papagena,Fotheringham,274-270-5658,user
149,ktremblay44@ibm.com,jwyl08Um,Kristopher,Tremblay,926-303-6606,user
150,cflaunier45@people.com.cn,ymgUmznTrdco,Chelsea,Flaunier,794-306-9208,user
151,ldufty46@themeforest.net,xVAYMk1dj2gf,Loretta,Dufty,816-405-0851,user
152,emcelrath47@gravatar.com,Z7rSu5bCL,Enrichetta,McElrath,123-556-2263,user
153,sbendle48@google.ru,0NLFO2gcq,Sheff,Bendle,259-835-3526,user
154,aconti49@cmu.edu,50M0n9V,Adi,Conti,920-472-4006,user
155,npabel4a@fda.gov,wvHPM4S4,Noach,Pabel,300-811-3974,user
156,eboylan4b@tumblr.com,edIj2N,Eliza,Boylan,579-359-9246,user
157,pblagden4c@amazonaws.com,FtRAhT,Phineas,Blagden,693-545-3154,user
158,mpyburn4d@columbia.edu,UahYB6lwOny,Mattie,Pyburn,473-212-6081,user
159,ewildey4e@dot.gov,dtMm02fux,Esta,Wildey,712-401-1987,user
160,rdanhel4f@opera.com,PNsVDzGI,Rafaello,Danhel,778-102-3320,user
161,tgoodyear4g@blogtalkradio.com,UdfVejjH9,Terrence,Goodyear,232-678-4475,user
162,kbartali4h@behance.net,Ga3SXxM,Kaye,Bartali,720-150-2026,user
163,ahollier4i@slashdot.org,yvcTRzrK,Anny,Hollier,528-228-6715,user
164,vmacdearmid4j@pen.io,br7MUNQpRt,Val,MacDearmid,691-104-4398,user
165,fdennes4k@parallels.com,fYJZWkA,Fidelia,Dennes,726-320-9727,user
166,ecordelette4l@accuweather.com,wabV4of2,Eirena,Cordelette,206-394-4896,user
167,jeighteen4m@hostgator.com,ar4Fc5FDETsR,Jules,Eighteen,286-630-0585,user
168,ldarko4n@csmonitor.com,tlYSS8yF,Lamar,Darko,845-690-0222,user
169,cmooreed4o@guardian.co.uk,iSGK5Kd,Creighton,Mooreed,204-301-6261,user
170,ltupie4p@ox.ac.uk,LsOjUghSGV8F,Larissa,Tupie,996-304-1367,user
171,wangliss4q@123-reg.co.uk,hEPQ6Pz,Winnifred,Angliss,307-518-2888,user
172,jrussi4r@mysql.com,psBr2uo,Jorgan,Russi,993-573-8603,user
173,ldensun4s@thetimes.co.uk,cyOH9wdKf,Lorettalorna,Densun,445-692-4718,user
174,kmcnamara4t@tuttocitta.it,ivugpfuy2Q,Kariotta,McNamara,469-846-4820,user
175,iposvner4u@163.com,giayEV6b6,Irwin,Posvner,548-596-1855,user
176,iferneyhough4v@patch.com,fqs6A5,Issie,Ferneyhough,422-519-3941,user
177,lkernoghan4w@naver.com,f6Jx87wtN,Leola,Kernoghan,297-242-8545,user
178,mbansal4x@spotify.com,pXyrRSzwhraD,Mead,Bansal,652-783-1761,user
179,pderdes4y@home.pl,enQJTb,Phillipe,Derdes,776-312-8053,user
180,ncordero4z@smh.com.au,omMfoNgjvMg,Nappy,Cordero,328-433-9509,user
181,cwarlton50@rambler.ru,wCsyUqQZ,Claus,Warlton,631-366-1995,user
182,mconcannon51@sohu.com,WKCbqB1Q60,Marian,Concannon,612-101-0048,user
183,tdumbellow52@e-recht24.de,uyiFvPx,Tildie,Dumbellow,445-450-5064,user
184,ladamiec53@printfriendly.com,jKhh32P7,Loralyn,Adamiec,718-709-9772,user
185,wallsupp54@google.ca,QMcFjHEg,Wiatt,Allsupp,748-678-4342,user
186,kshard55@ftc.gov,gZC3sr7Ym,Krista,Shard,408-254-4531,user
187,lvlasenkov56@hexun.com,qBmwJGUJscT5,Lewes,Vlasenkov,903-424-1650,user
188,emaybey57@addthis.com,G8XUKBhU,Elyse,Maybey,203-703-6122,user
189,fwaleworke58@123-reg.co.uk,0PPCqciPNL,Fredrick,Waleworke,990-336-7117,user
190,mtedstone59@ucoz.ru,ebdRRHkw,Monica,Tedstone,679-367-7045,user
191,ahubberstey5a@myspace.com,xN1qtZoQQ,Anatol,Hubberstey,571-545-3599,user
192,skydd5b@hatena.ne.jp,BuainSe,Shellysheldon,Kydd,667-737-5909,user
193,saldous5c@shutterfly.com,NgFpjRhjMLE,Selestina,Aldous,781-984-1168,user
194,abrazener5d@scribd.com,pkoz7B,Adorne,Brazener,370-281-9389,user
195,bdossett5e@slideshare.net,X5pKlAW8,Bil,Dossett,403-693-9706,user
196,mhayers5f@blogspot.com,7yTXHWNP,Maynord,Hayers,222-740-4502,user
197,cboutellier5g@sphinn.com,CVCRBeKPv7s4,Celina,Boutellier,329-781-8949,user
198,ylamdin5h@walmart.com,9yPJeDH,Yves,Lamdin,987-959-5197,user
199,cglasscoo5i@reference.com,L9Q8X8n,Candide,Glasscoo,936-980-8790,user
200,areape5j@google.co.jp,OHvKvziQIO2,Ariadne,Reape,201-527-2287,user
201,lburnyeat5k@dmoz.org,hwZOv1acoLtz,Lori,Burnyeat,915-564-5677,user
202,twrixon5l@yahoo.co.jp,AIDGkRzPF5ab,Thorndike,Wrixon,398-857-0921,user
203,ablinckhorne5m@microsoft.com,GBYt8TeRaN,Anabelle,Blinckhorne,181-257-2622,user
204,etrevain5n@rakuten.co.jp,FOAacwiMDPi,Early,Trevain,814-898-6897,user
205,acurdell5o@nifty.com,pwa0AM7nt,Arne,Curdell,963-302-4987,user
206,gfiller5p@weather.com,bWQyso,Gannon,Filler,946-368-7309,user
207,wgoulden5q@japanpost.jp,Thwhs5,Wayland,Goulden,432-211-3876,user
208,ncapstack5r@odnoklassniki.ru,oRtcCDyEi,Nolana,Capstack,457-520-1284,user
209,lgilluley5s@earthlink.net,b7Be3iG,Loreen,Gilluley,200-733-5174,user
210,jlefley5t@salon.com,2gO9o9TrE,Joleen,Lefley,487-424-8955,user
211,dbebb5u@joomla.org,k5jJ4dl1A,Drew,Bebb,518-784-4990,user
212,dblodgetts5v@kickstarter.com,u6VS6l,Dinah,Blodgetts,182-589-0442,user
213,sthombleson5w@mashable.com,EiufuXGD76K,Selie,Thombleson,911-648-5684,user
214,afludgate5x@domainmarket.com,ma0wJI3yULu,Adorne,Fludgate,876-302-0242,user
215,bwillimont5y@fema.gov,CNdNVS98zb2,Bren,Willimont,126-825-1468,user
216,sadamov5z@baidu.com,tQO0OC,Solomon,Adamov,998-923-8030,user
217,ohutchcraft60@taobao.com,NcRUvudhp,Orson,Hutchcraft,382-924-2970,user
218,llundon61@livejournal.com,wv8kdyYK,Lucie,Lundon,674-839-8668,user
219,mphilipson62@macromedia.com,6SWkzJkq,Meredith,Philipson,291-187-5663,user
220,slagneaux63@geocities.jp,jlwxWffUbE,Sissy,Lagneaux,144-294-3411,user
221,ppennells64@freewebs.com,NGYrW2G,Panchito,Pennells,744-288-4267,user
222,cmcarthur65@baidu.com,3eG5SOSI,Casi,McArthur,196-860-5418,user
223,ndissman66@w3.org,3k7EgUmrL,Noak,Dissman,945-630-0552,user
224,nlebrum67@nhs.uk,g5crXtmsTgRX,Nevins,Le Brum,108-375-1046,user
225,mredmayne68@psu.edu,lacBESd,Mikaela,Redmayne,683-924-6962,user
226,nmilner69@bizjournals.com,YmJZg6Yh,Neila,Milner,482-471-3222,user
227,etinmouth6a@wired.com,TlupeQ73WHV,Eleonora,Tinmouth,961-216-0800,user
228,jkem6b@reference.com,1dxsdN,Julietta,Kem,744-709-5363,user
229,rure6c@icio.us,RCMnWhW84KBF,Rhys,Ure,728-957-3840,user
230,dsullivan6d@skyrock.com,b855kquJUSg,Della,Sullivan,692-470-6555,user
231,pboothroyd6e@ox.ac.uk,XJ3Po5cRTUg,Prue,Boothroyd,657-336-3028,user
232,sluter6f@businessinsider.com,ExBRYXto7TXl,Sonya,Luter,332-865-4209,user
233,bclingoe6g@paginegialle.it,RD6Zlvs4phmw,Brett,Clingoe,379-226-0395,user
234,amarriot6h@mysql.com,TGumYANqK,Anatola,Marriot,908-375-1698,user
235,jcrummay6i@examiner.com,rpVlIy,Jessica,Crummay,609-959-0140,user
236,tiggo6j@istockphoto.com,X2q9CA5,Thalia,Iggo,442-227-8988,user
237,dgovey6k@t.co,aoqAJ9KSYIC,Dalton,Govey,593-263-8006,user
238,cspeller6l@dmoz.org,unRRJCNvX,Charita,Speller,571-593-5138,user
239,etiley6m@blinklist.com,JiclGq8ZP,Elyssa,Tiley,470-539-4055,user
240,ksorro6n@patch.com,ySOCA1ke,Korie,Sorro,172-672-1252,user
241,badnams6o@fotki.com,VhoISy,Barbe,Adnams,546-424-6522,user
242,pervin6p@google.nl,TOdd9EbD8g,Perrine,Ervin,460-491-7601,user
243,mdanko6q@nhs.uk,dvYC7Sc2,Melonie,Danko,859-322-7109,user
244,lnairne6r@ovh.net,4K1Yaf0Uv,Lynnett,Nairne,435-441-9405,user
245,dalwell6s@yolasite.com,N3HWWp,Davidde,Alwell,746-138-1786,user
246,reddolls6t@mozilla.org,8qeDkseU7ig,Roxane,Eddolls,178-638-6090,user
247,sbetton6u@earthlink.net,mhruRaVvLS7,Suzette,Betton,342-162-3613,user
248,bbonass6v@ebay.com,bcEUgHmMRd,Brigitte,Bonass,941-913-7018,user
249,cshouler6w@jugem.jp,pYGXV3K,Casey,Shouler,488-281-4944,user
250,owetton6x@gov.uk,MDxffzaxu51s,Odella,Wetton,499-654-2357,user
251,vjaze6y@shutterfly.com,5sauEJENe9O6,Verile,Jaze,435-612-0080,user
252,dmaund6z@amazon.de,NbCcv4043pca,Dalia,Maund,463-507-9708,user
253,pyakushkin70@myspace.com,LUkdZvmbEL,Petey,Yakushkin,572-227-4837,user
254,ssoldner71@lycos.com,wx7dtddpF,Suzie,Soldner,758-191-2802,user
255,ckochs72@amazon.com,yTYHDQ0Pm,Cecilla,Kochs,654-907-3059,user
256,dlarrad73@ted.com,ho6M7ova1,Denys,Larrad,263-733-3960,user
257,tgottschalk74@sphinn.com,4eZSfZvcS,Theo,Gottschalk,520-889-3475,user
258,sbartholin75@blogger.com,JuDlkgo,Shurlock,Bartholin,665-936-0603,user
259,mpike76@flavors.me,33DpOCazSXw,Malissa,Pike,627-774-4440,user
260,nbatram77@cafepress.com,e8XxsMuvD3w5,Noni,Batram,346-714-4754,user
261,mbuttgow78@aol.com,2um3bb,Marty,Butt Gow,579-670-9295,user
262,notham79@columbia.edu,b39uOl,Nicolis,Otham,346-234-8020,user
263,dhacquel7a@sciencedaily.com,74DivJtZ,Domini,Hacquel,519-924-8142,user
264,dgrimm7b@g.co,JCFZbLI,Denis,Grimm,848-563-5390,user
265,mjedrzejewicz7c@utexas.edu,76aouz8M,Maegan,Jedrzejewicz,103-418-5268,user
266,nbaldazzi7d@list-manage.com,hXLLP0,Nicolai,Baldazzi,867-389-4488,user
267,rdenford7e@examiner.com,1UpFZcX9s7K,Ralph,Denford,363-963-2645,user
268,ttwidle7f@stumbleupon.com,BU1yqxmUBs17,Thorstein,Twidle,485-607-0635,user
269,adeathe7g@apache.org,g380H0Bk0L,Ashby,D'eathe,430-366-0476,user
270,wrathbone7h@fotki.com,26NCJh,Wash,Rathbone,253-268-0414,user
271,emacalees7i@wiley.com,FOsZJt2uU7l,Ethelred,MacAlees,276-415-2628,user
272,mrennebeck7j@lulu.com,6JPh7QFB1BRw,Merilee,Rennebeck,318-477-2609,user
273,bbreed7k@creativecommons.org,VOMUyTEEeph,Bendick,Breed,301-748-5877,user
274,vgoburn7l@pen.io,PospmOcE4aE,Vern,Goburn,336-115-9012,user
275,ggiercke7m@i2i.jp,RERXrNMV,Gothart,Giercke,737-847-4901,user
276,dbiggs7n@csmonitor.com,AczugdK8bl,Der,Biggs,845-133-5506,user
277,fwoolacott7o@virginia.edu,yEhzfnyo,Fields,Woolacott,930-491-1121,user
278,bharmar7p@barnesandnoble.com,2TprEP,Byran,Harmar,308-360-9668,user
279,efadell7q@cafepress.com,j5zS0ANWkhe,Eydie,Fadell,572-306-4324,user
280,cwaddams7r@narod.ru,gGd5kYt,Chrystal,Waddams,490-557-4585,user
281,gleele7s@sciencedirect.com,UBQkRhnknR,Giovanna,Leele,338-591-0037,user
282,rshmyr7t@digg.com,YTuJDN,Randall,Shmyr,540-158-6850,user
283,cvasiltsov7u@google.de,dwL7u4KhDFu,Carmelina,Vasiltsov,564-577-4918,user
284,arumble7v@home.pl,Z3DX5cZo,Ardys,Rumble,229-695-0007,user
285,hglyne7w@bbc.co.uk,Ps94MA2jgP,Hurleigh,Glyne,862-117-1442,user
286,pbarense7x@boston.com,jNeVz5D1,Putnam,Barense,864-598-9901,user
287,jdubery7y@dmoz.org,RuRah63TnW,Joaquin,Dubery,384-313-5938,user
288,ferangey7z@pen.io,lVKiVvhW,Franklyn,Erangey,402-871-1379,user
289,cwaight80@ning.com,t4e86f,Courtney,Waight,275-748-1473,user
290,wfilkin81@usatoday.com,qsZwkNnFU9H,Wilton,Filkin,245-505-2421,user
291,hbennedick82@si.edu,OqB5Cs,Hugh,Bennedick,952-803-4644,user
292,aburdekin83@omniture.com,U7LvjIcH,Alard,Burdekin,217-271-7028,user
293,dmactrusty84@nih.gov,M2XtoG,Dode,MacTrusty,625-262-0135,user
294,oridding85@furl.net,2pw5gSfy,Olimpia,Ridding,884-819-9309,user
295,bbrounsell86@yellowpages.com,KfrAeRRyB2ne,Bonnibelle,Brounsell,398-377-1634,user
296,hkellie87@home.pl,CEzJ54jcX,Hali,Kellie,555-876-5951,user
297,bchisolm88@guardian.co.uk,s5KNsi3w,Baird,Chisolm,445-480-6912,user
298,mloades89@senate.gov,XgMRiFffoz,Meryl,Loades,356-985-4195,user
299,tbeves8a@time.com,wAdbosBaZtT,Tedman,Beves,808-564-3888,user
300,cchaff8b@clickbank.net,jKzlTLDzHj,Cathrine,Chaff,534-324-1765,user
301,jbellon8c@deliciousdays.com,TMxEuNX0gL,Jasun,Bellon,773-779-0880,user
302,fbates8d@princeton.edu,oWpxRLIBn,Felipa,Bates,481-586-4268,user
303,gnobbs8e@unesco.org,ath8YB6aCg4,Gilly,Nobbs,940-118-2019,user
304,frenfree8f@godaddy.com,XvoxfwEOL8LT,Federico,Renfree,261-725-6806,user
305,dirnis8g@mac.com,jNzXr3,Duff,Irnis,586-279-7159,user
306,gupjohn8h@amazon.co.jp,hkutULZQdH,Gilberte,Upjohn,553-276-5859,user
307,salderton8i@mapy.cz,E4LSnTeP,Sholom,Alderton,988-987-4230,user
308,rprime8j@tinyurl.com,jg3jYWj0SzV5,Raeann,Prime,313-161-2497,user
309,ourwen8k@house.gov,N7SNRvfbv,Obadiah,Urwen,176-922-7467,user
310,lskone8l@weibo.com,9r26pMKTBY,Lorry,Skone,411-697-5660,user
311,coyley8m@1688.com,6SGUDo0vK2bu,Claiborn,Oyley,602-792-3097,user
312,hmacfadzean8n@booking.com,2cB7n2,Harvey,MacFadzean,123-323-1878,user
313,ryeliashev8o@unicef.org,92I2jMsJVz,Ransell,Yeliashev,806-505-2872,user
314,melgood8p@cdc.gov,9BingYgE9Z,Mill,Elgood,392-343-9298,user
315,vbanks8q@unicef.org,AxLQgpWS8,Victoria,Banks,890-498-9559,user
316,pnulty8r@youtu.be,uKWbgxOnPx,Paddie,Nulty,259-672-6444,user
317,tisakovic8s@biglobe.ne.jp,p7ktDr,Terra,Isakovic,236-926-3930,user
318,fturpie8t@people.com.cn,GoDHTR9vRqIK,Filippa,Turpie,516-112-7423,user
319,bmcalindon8u@dot.gov,bwhqnWzuRlst,Bogart,McAlindon,417-356-1583,user
320,estiant8v@tripadvisor.com,fUyK20B,Ezra,Stiant,424-695-4979,user
321,eportinari8w@ask.com,DINNbiv3MY1,Emmery,Portinari,901-563-5568,user
322,kklimowicz8x@drupal.org,661Ac7LkH4L,Killie,Klimowicz,782-118-0013,user
323,elysaght8y@bloomberg.com,WK9XsUG,Enrico,Lysaght,635-429-4772,user
324,agregory8z@mozilla.org,yt25QaDJZkFV,Adrian,Gregory,136-944-7050,user
325,lgluyus90@studiopress.com,wVHK1B,Lane,Gluyus,864-538-8238,user
326,mjoselson91@usgs.gov,9XBRcK11Ry,Mavis,Joselson,817-249-0654,user
327,smabbott92@phpbb.com,CLCDwsmOw,Stephine,Mabbott,182-316-5526,user
328,kkohler93@blinklist.com,WDaxPdPQIkDU,Kaia,Kohler,933-662-7997,user
329,klarrosa94@answers.com,LEKD1O,Kori,Larrosa,898-909-7857,user
330,gcamings95@cisco.com,68ExRr5,Gerladina,Camings,471-400-5748,user
331,htotaro96@ehow.com,XWg58lHJWY,Hyman,Totaro,282-139-9034,user
332,jclaypoole97@ucla.edu,JCeGocTw,Joni,Claypoole,299-643-9804,user
333,aterron98@linkedin.com,QECcRoq3,Amalle,Terron,789-714-1655,user
334,xrolls99@ezinearticles.com,xlN07eirXH,Xena,Rolls,917-981-2123,user
335,cpetegree9a@simplemachines.org,UFYoeiPms9a,Camilla,Petegree,709-203-9492,user
336,aandrejs9b@miitbeian.gov.cn,cEDru8tYalM,Ancell,Andrejs,475-882-9682,user
337,dmaccartan9c@parallels.com,6EjR8c2gri,Darb,MacCartan,915-553-1429,user
338,jjayes9d@sciencedaily.com,ChP8nM9noiW,Juieta,Jayes,738-106-5281,user
339,ncloonan9e@omniture.com,ksof9CKSLy,Nikaniki,Cloonan,290-677-5305,user
340,adanes9f@over-blog.com,vq2ppWWAEj,Amabelle,Danes,753-300-3945,user
341,arankmore9g@pinterest.com,1Ksn8It,Avie,Rankmore,191-897-9837,user
342,kditty9h@fema.gov,uYoeKSK7ny,Kameko,Ditty,244-882-5283,user
343,ehardin9i@4shared.com,VYrlYz,Emma,Hardin,239-955-6729,user
344,amaric9j@ibm.com,9vPTp4DDbENV,Andrej,Maric,164-674-1632,user
345,fmurton9k@geocities.com,g9V0xvX,Franky,Murton,470-777-4802,user
346,fwaycott9l@hao123.com,7k1yHfGtqb46,Ferguson,Waycott,166-627-3817,user
347,sfilyaev9m@joomla.org,T2OrpTSOq1C,Swen,Filyaev,303-320-3149,user
348,aspiller9n@techcrunch.com,5KY1KP,Ange,Spiller,262-965-1702,user
349,ljendricke9o@quantcast.com,Hgv2b8,Louisette,Jendricke,653-933-7757,user
350,amacaloren9p@behance.net,xfAsmCoWlp,Alyda,MacAloren,859-410-9506,user
351,asowray9q@gov.uk,8hyzCZ,Auroora,Sowray,580-378-5731,user
352,gslorance9r@nymag.com,vqiOssky,Goldi,Slorance,137-462-5979,user
353,glembrick9s@nytimes.com,nvViwWpp,Gardie,Lembrick,401-597-5750,user
354,drichardsson9t@ibm.com,9q6WQbpNtTC,Danette,Richardsson,535-100-5583,user
355,dgiacobazzi9u@newyorker.com,VKv8zw5,Dierdre,Giacobazzi,806-774-0206,user
356,vkerr9v@bbb.org,o8V9nOJGNiMu,Vanessa,Kerr,972-459-7928,user
357,tbratcher9w@tripod.com,qw9hJb,Tailor,Bratcher,112-500-0345,user
358,jhould9x@reverbnation.com,l5b0Q1l5g,Jeremias,Hould,518-661-9562,user
359,rcruise9y@skyrock.com,EvCvultTV,Raquela,Cruise,300-609-3503,user
360,egerholz9z@tripadvisor.com,U5pfsF4y,Emmery,Gerholz,763-178-1708,user
361,rgolda0@businesswire.com,nLEMb6mJbvt,Rafaellle,Gold,214-463-7742,user
362,laleevya1@wikimedia.org,eagtbWY,Lynsey,Aleevy,773-518-0652,user
363,caudrya2@fastcompany.com,1klGupz6,Cinda,Audry,580-878-2561,user
364,ccousensa3@cnbc.com,kpW17dt2dZSF,Cindy,Cousens,563-777-6662,user
365,amingayea4@parallels.com,vhNlc30Nt,Aindrea,Mingaye,604-526-9228,user
366,fgreevea5@shop-pro.jp,UIYRlJcHP,Frasco,Greeve,500-285-4319,user
367,pregglara6@webnode.com,FpuXdRdRVt,Petr,Regglar,540-949-1578,user
368,sguppiea7@xing.com,3xt8Ui7K,Susan,Guppie,130-703-6752,user
369,sturevillea8@jiathis.com,9OnFHc1XgFx,Sal,Tureville,420-560-8452,user
370,aboncorea9@odnoklassniki.ru,IniGl4Ynug,Annette,Boncore,177-480-4029,user
371,acowerdaa@umich.edu,FBtnWkQ1v4ho,Aldus,Cowerd,897-309-2179,user
372,tstirlandab@alibaba.com,M9rtiVjEUZu,Tadd,Stirland,907-794-1995,user
373,kwoodyattac@cocolog-nifty.com,1h7NFH99,Kingston,Woodyatt,892-869-5748,user
374,fdowningad@wsj.com,2DBFjf8VPK,Francene,Downing,776-269-9362,user
375,jfleetae@ft.com,i5rHM6EFF,Jaquelyn,Fleet,157-582-7616,user
376,tnorthropaf@engadget.com,l2Th8U1g,Terese,Northrop,356-923-9795,user
377,khildrewag@skyrock.com,LIuzLrXzJqlf,Krispin,Hildrew,101-811-9560,user
378,cteesah@newsvine.com,18mE9Vh4RmO,Colas,Tees,102-819-4940,user
379,kcowlandai@tamu.edu,aye0ae30UH,Kerri,Cowland,886-371-8475,user
380,snarramoraj@uiuc.edu,XuAbtjSIIOIk,Stacia,Narramor,844-113-3839,user
381,bbirtlesak@live.com,YEPOy93yF,Batholomew,Birtles,724-208-9600,user
382,jervineal@hao123.com,aU4tIpIcF9u,Janessa,Ervine,616-934-1252,user
383,efilchaginam@netvibes.com,FumYJZuL,Ellyn,Filchagin,488-873-2931,user
384,lstucksburyan@sourceforge.net,TQEp1mTDkar,Lazarus,Stucksbury,696-684-8258,user
385,lsemarkao@last.fm,nmXT8qiqf,Lothaire,Semark,287-420-5691,user
386,neskriggeap@sourceforge.net,NCXV1roTAG,Nanette,Eskrigge,780-388-7234,user
387,stregienaq@miibeian.gov.cn,7Vwju7ngc,Shirlene,Tregien,654-390-8474,user
388,yelgyar@squidoo.com,4u9xpL,Yanaton,Elgy,839-792-8758,user
389,wpetraccoas@independent.co.uk,EyLwsRR3,Wayne,Petracco,430-564-0018,user
390,kglackinat@goo.ne.jp,wym2xrvOgE,Kendre,Glackin,125-315-3261,user
391,jstopforthau@fema.gov,fuMGTfN6FT,Jeniffer,Stopforth,138-206-8085,user
392,hboigav@reuters.com,ld3LXJ4n,Henry,Boig,423-346-3331,user
393,poenaw@paginegialle.it,AJ8Z6zB,Patricia,Oen,780-200-3669,user
394,dfinnieax@biglobe.ne.jp,0gPdhAWQ,Darleen,Finnie,546-887-9188,user
395,tsicklingay@sfgate.com,Lg3DWgGfL,Tate,Sickling,387-559-8593,user
396,opockaz@hubpages.com,d4BvdHN,Olimpia,Pock,106-748-9469,user
397,vommundsenb0@artisteer.com,sY17YO,Valeria,Ommundsen,850-735-3059,user
398,jgeertsenb1@wisc.edu,OpZPZO6,Jocelyn,Geertsen,207-125-2560,user
399,tsallingb2@nhs.uk,5iAw2SFxb,Tatiania,Salling,905-454-2365,user
400,avonhelmholtzb3@icq.com,5MKrBaiaCr0Q,Ashleigh,Von Helmholtz,575-848-8809,user
401,nmichellb4@altervista.org,t0bHa3fucYiS,Nicholas,Michell,916-646-2335,user
402,ckitmanb5@pcworld.com,PgsgVpqG,Cybill,Kitman,570-642-2816,user
403,wguytonb6@samsung.com,RVRpQvu4eVi,Wolf,Guyton,139-467-1237,user
404,mbleierb7@behance.net,fvV1U2,Mersey,Bleier,776-964-5579,user
405,kjeanessonb8@cbslocal.com,goaVOK9T1,Kennedy,Jeanesson,657-309-8734,user
406,dmyrtleb9@epa.gov,IWAUvSoCxo,Donaugh,Myrtle,522-522-5058,user
407,twaldronba@ted.com,OV7EwK,Tania,Waldron,743-526-4630,user
408,nquarlessbb@walmart.com,IG1yWdkFI,Noble,Quarless,631-563-8774,user
409,sshapirobc@slashdot.org,oR1vduaH,Simon,Shapiro,696-567-5395,user
410,bmanthabd@walmart.com,3ZlTZrKHKb,Brooks,Mantha,966-544-4646,user
411,kshoebridgebe@tiny.cc,JkKZSRxq,Kimmy,Shoebridge,416-973-5249,user
412,jmichinbf@npr.org,HNfUIqdh,Jonie,Michin,385-917-4644,user
413,tcapstickbg@altervista.org,7RM12AiQiEJP,Theodosia,Capstick,490-400-9281,user
414,twealebh@cnet.com,HJoFuKHmr,Tim,Weale,689-699-7610,user
415,crowanbi@fema.gov,AxS6ugt,Claiborne,Rowan,443-404-4383,user
416,nhesselbj@comsenz.com,6cPhXkm2S,Noell,Hessel,150-640-2095,user
417,gbernibk@discovery.com,seIDSqdyqGP,Galina,Berni,688-306-3842,user
418,rboodellbl@ucsd.edu,LsooYq,Revkah,Boodell,100-645-0556,user
419,vteresebm@sphinn.com,KOTqYuoQ,Valry,Terese,863-662-6930,user
420,creddingsbn@timesonline.co.uk,OfQhwEL2s,Caspar,Reddings,220-218-2828,user
421,rmordonbo@dyndns.org,rgvJmJBgd6PS,Rusty,Mordon,123-249-3612,user
422,gollarenshawbp@ifeng.com,PB8iVgAhNUgV,Gayle,Ollarenshaw,940-947-7887,user
423,stomesbq@shinystat.com,M49nIt,Susi,Tomes,949-377-5709,user
424,pszachbr@w3.org,oKy03E4YF6,Paule,Szach,541-441-2654,user
425,zgaskinbs@xinhuanet.com,GlP3SUvzAa,Zach,Gaskin,665-667-4612,user
426,asounessbt@ed.gov,zww8t6nLhJB,Allis,Souness,565-743-6285,user
427,lfreiburgerbu@exblog.jp,99qMVPal1r,Leeann,Freiburger,337-951-7102,user
428,ddevaanbv@nps.gov,A0VHFvL8fY,Derrik,De Vaan,808-612-5222,user
429,rjellmanbw@wordpress.org,FrtH0iF,Rollie,Jellman,357-355-0050,user
430,bsarllbx@phpbb.com,kWJFzM60,Barrie,Sarll,311-736-4242,user
431,vfuentesby@cisco.com,CtDBPLeZSBHC,Vonny,Fuentes,968-651-8162,user
432,dmacfiebz@china.com.cn,STV3vDHu,Dionne,MacFie,678-665-3055,user
433,ocottesfordc0@smh.com.au,Y3kSO0C2wz,Odessa,Cottesford,564-405-3538,user
434,gmaymandc1@time.com,3KLICAcjsHUK,Godard,Maymand,260-860-4138,user
435,sricartc2@umn.edu,oOd7Q60,Steven,Ricart,849-598-5510,user
436,aplayerc3@mapy.cz,K6ZjLmS1m,Ashien,Player,646-659-2938,user
437,bdobiec4@microsoft.com,fdHCL7VFL,Bird,Dobie,107-335-5811,user
438,cwitcombec5@example.com,5w2dNooQ,Channa,Witcombe,165-363-8317,user
439,mkrugmannc6@sfgate.com,eeSHufuQ,Moreen,Krugmann,767-875-7631,user
440,vyarnleyc7@ebay.com,BM2SjNboFzd,Verile,Yarnley,737-969-1878,user
441,gtanderc8@phpbb.com,oKFo7tfPY6s,Gaspar,Tander,881-690-9252,user
442,jcasonc9@engadget.com,eftDMYi,Jordain,Cason,549-393-3089,user
443,vcouttsca@jigsy.com,2LeVfEiikfq,Virge,Coutts,909-906-3330,user
444,ematzelcb@berkeley.edu,F4HCocRao,Ethelind,Matzel,367-184-2914,user
445,cgerrancc@hc360.com,K5Uqtkdf,Cymbre,Gerran,308-497-3409,user
446,dmenichillocd@4shared.com,7D2vhFaSl,Derrick,Menichillo,374-964-2407,user
447,gwissonce@fastcompany.com,HC5Mr0292tw3,Goober,Wisson,800-248-4029,user
448,mbestecf@va.gov,5KZRLGQmo,Marina,Beste,965-118-7957,user
449,obloxsomcg@squarespace.com,5fYLBna1cH,Ondrea,Bloxsom,946-109-3024,user
450,hscudamorech@latimes.com,KVlpIkhAB0o,Herc,Scudamore,644-373-0760,user
451,eaistonci@comsenz.com,m8DWEt,Ericka,Aiston,838-323-7927,user
452,bmarryattcj@163.com,HZ4Z8Qq,Barbey,Marryatt,719-755-8840,user
453,wlyverck@imageshack.us,cfCkiiS8t87,Willie,Lyver,743-225-8135,user
454,porrickcl@msu.edu,vleWuMF7,Pascal,Orrick,850-726-1468,user
455,gisackecm@intel.com,Pg75DP4DRY,Gianni,Isacke,982-156-6018,user
456,kscougalcn@over-blog.com,fJXCgmR8QjUT,Kliment,Scougal,538-756-0068,user
457,mzouchco@gravatar.com,XGtpZY0GUPX,Malchy,Zouch,286-164-6881,user
458,dlartercp@list-manage.com,R9rQy60NnZd,Danika,Larter,637-989-2853,user
459,ijoynsoncq@nasa.gov,UAXSSNyuMp,Illa,Joynson,677-640-4689,user
460,mluckingscr@stumbleupon.com,TMsyQ1w,Marilyn,Luckings,616-776-4317,user
461,csauntoncs@boston.com,GkchNc,Courtenay,Saunton,547-378-4253,user
462,csambrokct@soup.io,KGuKoa,Carce,Sambrok,568-187-8533,user
463,mmenghicu@springer.com,DI14U1b,Marguerite,Menghi,813-447-6823,user
464,tsellickcv@altervista.org,kAzFfvQF8,Tatiana,Sellick,770-619-9096,user
465,gmontelcw@unesco.org,jexpOz,Gustavus,Montel,120-502-6604,user
466,dmenziescx@reverbnation.com,1xRf8cRik9,Darb,Menzies,855-335-8692,user
467,wdanglcy@gnu.org,Q6f9p13WSGJ5,Wynne,Dangl,623-975-2190,user
468,lgerhardtcz@macromedia.com,H7bNPFOo3M,Linus,Gerhardt,568-864-4313,user
469,jgiocannonid0@google.com.au,Td773frvtuRw,Jeniece,Giocannoni,292-390-5716,user
470,sstreatleyd1@dion.ne.jp,tsOMnhqfgait,Staford,Streatley,831-142-2590,user
471,dgorinid2@theatlantic.com,KLZ6UTG,Demetri,Gorini,815-309-8868,user
472,tbasinigazzid3@sphinn.com,LVE7NJl,Tamara,Basini-Gazzi,797-427-8429,user
473,nseargeantd4@umich.edu,umOPLhDRw,Niki,Seargeant,106-333-8268,user
474,grenakd5@hp.com,cGVvy3MP1ii,Gisela,Renak,386-827-5595,user
475,fschreid6@icio.us,TMUncMudFbQi,Farly,Schrei,339-701-2489,user
476,bdeliad7@barnesandnoble.com,cUdy3E9Hn,Briney,D'Elia,691-854-0423,user
477,tpetrillod8@surveymonkey.com,y3gAZIQ,Thibaud,Petrillo,699-144-7508,user
478,fmaultbyd9@jugem.jp,YtUO5YnVZW,Far,Maultby,653-199-6548,user
479,scoolsonda@cnn.com,hQPL4ripKJ,Silvester,Coolson,404-802-4501,user
480,dnazaretdb@wikia.com,SZ49qSE,Daryl,Nazaret,318-131-4826,user
481,livanchindc@purevolume.com,6hqBF0w5pcO4,La verne,Ivanchin,924-968-7927,user
482,wtomasiandd@wsj.com,d3D14D4biOb,Wilma,Tomasian,436-391-0317,user
483,cpatesde@amazon.de,1Pn2iBA,Cordelie,Pates,625-283-9357,user
484,nmarinidf@weebly.com,yhEPXsnGq8,Nisse,Marini,746-730-2612,user
485,bcarwithandg@twitter.com,KeS9mUtLUxn,Babita,Carwithan,571-626-2084,user
486,aroizndh@issuu.com,qTCU4Ja,Arnold,Roizn,109-364-0642,user
487,dbrameltdi@over-blog.com,n3R3lj,Dominica,Bramelt,695-445-1301,user
488,arubenchikdj@weibo.com,SsWNdL,Aida,Rubenchik,687-548-9376,user
489,nescudierdk@jalbum.net,SoWRK9h,Nomi,Escudier,800-175-4074,user
490,sriceardsdl@chron.com,szcQicOOc,Sela,Riceards,533-696-8343,user
491,lwiersmadm@behance.net,Ooxnk7M,Leila,Wiersma,108-240-6688,user
492,sbelfittdn@dropbox.com,K7hmkw4THcgb,Saleem,Belfitt,350-408-5216,user
493,bblundeldo@mail.ru,uHr4sNVoF,Bradney,Blundel,107-750-0199,user
494,rstruthersdp@youtu.be,54YurC,Roslyn,Struthers,942-903-0666,user
495,bcorleydq@samsung.com,kmTmGNVrkuJ,Blithe,Corley,882-526-3313,user
496,egibbedr@ftc.gov,GIPjco,Estell,Gibbe,841-634-8769,user
497,gsigmundds@360.cn,4igNrxWqA,Giacomo,Sigmund,708-250-3887,user
498,pcatchesidedt@google.com,Pwge63AmZt,Perice,Catcheside,939-681-7475,user
499,cblanningdu@sfgate.com,LAr33A,Cora,Blanning,666-652-9834,user
500,tbucklesdv@theatlantic.com,1EW7odkIBin,Thibaud,Buckles,125-970-4633,user
501,lheritegedw@miibeian.gov.cn,ekHNpsdzq,Lorrin,Heritege,642-583-6875,user
502,smacquiredx@indiegogo.com,NzQiSq6ob8r,Sibella,Macquire,668-437-3196,user
503,aspittalldy@cocolog-nifty.com,R2uwxbshSXH,Adam,Spittall,121-360-9985,user
504,egeldeforddz@free.fr,M9lhJYXNeqz,Elbertine,Geldeford,820-790-7072,user
505,kyuille0@deliciousdays.com,wdyhXa,Katusha,Yuill,585-141-9064,user
506,oghelardie1@baidu.com,fGKoSbVUmX,Ola,Ghelardi,214-600-1759,user
507,cbladese2@sitemeter.com,DFsxkG,Carlotta,Blades,431-994-7321,user
508,mcyphuse3@blinklist.com,o594t23u,Matilde,Cyphus,206-127-6655,user
509,mmatthewse4@ow.ly,mhK7fX2W9M8,Miles,Matthews,523-332-3688,user
510,aolliare5@tamu.edu,AYrXh98813,Arni,Olliar,221-468-0521,user
511,lkauschkee6@europa.eu,iajCx8gtN4B6,Lanita,Kauschke,698-499-4613,user
512,kschonfelde7@nhs.uk,vzIuYeXxFKR,Kirsteni,Schonfeld,345-165-0504,user
513,randreaccie8@usnews.com,VAtJLG,Reece,Andreacci,337-548-4289,user
514,rswithenbye9@oakley.com,Wwl9g5qlOQ4j,Rasla,Swithenby,901-835-0559,user
515,pkelkea@wordpress.com,tvrMmIWZ,Pennie,Kelk,505-176-2175,user
516,mdomingueseb@google.ca,WGoWAq2,Maxi,Domingues,136-986-4802,user
517,mreyec@alexa.com,jKrylLfT3E,Mick,Rey,577-515-4008,user
518,dkinvered@nhs.uk,77qe8T,Denys,Kinver,409-964-7057,user
519,diwanickiee@histats.com,rcE8bfs,Delmore,Iwanicki,759-258-6481,user
520,gbaldoccief@accuweather.com,FAvSAQc,Gus,Baldocci,853-898-4539,user
521,rsissoneg@theatlantic.com,VFuzLOpe2H,Rosina,Sisson,474-619-2482,user
522,dwhittinghameh@netlog.com,odY7KI,Darbie,Whittingham,519-376-8569,user
523,ktrusdaleei@digg.com,349ur88b87,Kylen,Trusdale,201-719-9188,user
524,ssentinellaej@miitbeian.gov.cn,CN1yLLZaFv3,Silvain,Sentinella,850-551-5804,user
525,barletek@pcworld.com,5kpOye,Belia,Arlet,832-295-7150,user
526,mchislettel@virginia.edu,QFWouX97,Merci,Chislett,632-849-8486,user
527,dkadarem@phpbb.com,Z27unKZB0,Dimitry,Kadar,323-664-9867,user
528,hheggsen@miibeian.gov.cn,hO1AS8OBi1p7,Heidie,Heggs,597-567-4422,user
529,wbergstrandeo@digg.com,fXf0WygL,Wilfred,Bergstrand,999-469-3881,user
530,jqualtroep@linkedin.com,5nl4eu12OV,Jacinda,Qualtro,895-767-7415,user
531,jottameq@hp.com,Go0UElxT2Q,Jolyn,Ottam,338-401-3253,user
532,pmaysorer@google.co.jp,g92GRmNOsUrn,Pammy,Maysor,437-912-3538,user
533,sklulikes@edublogs.org,zIsYS8,Sherie,Klulik,517-927-9155,user
534,ocavalieret@xinhuanet.com,L3bd0SfX,Olivie,Cavalier,419-797-3583,user
535,gdoncastereu@google.com,7f0BwcmJ,Gibbie,Doncaster,812-596-6619,user
536,hsouthallev@github.io,Q2bbb6sUS1,Hobard,Southall,152-656-0025,user
537,ajoneyew@yahoo.co.jp,de8mCNwDa,Amalee,Joney,371-176-8486,user
538,sdodellex@unesco.org,UhwKB7Q,Sheffy,Dodell,874-847-6546,user
539,kratledgeey@bigcartel.com,6YlmTigIu,Kay,Ratledge,453-728-5791,user
540,dcasswellez@alexa.com,yxT8Cy,Dorry,Casswell,876-865-5417,user
541,rorneblowf0@craigslist.org,ES6hzVSK6B,Rois,Orneblow,910-478-2269,user
542,fyekelf1@usgs.gov,bnSNqs,Farah,Yekel,878-238-2627,user
543,egullandf2@abc.net.au,9DyqVYs6Gh,Esme,Gulland,413-267-3125,user
544,dspendleyf3@xing.com,9HxRi8KgiL11,Delaney,Spendley,200-158-8548,user
545,hantonuttif4@europa.eu,5OEZk1310,Hilda,Antonutti,633-487-9993,user
546,friccif5@google.com.hk,ZgQVbj5vun,Fanni,Ricci,358-197-1820,user
547,rtofpikf6@tripod.com,QSP99EURU,Rebbecca,Tofpik,592-810-3660,user
548,zkillef7@answers.com,rjIoMP,Zorana,Kille,322-360-5670,user
549,mmatthesiusf8@rakuten.co.jp,xPpUNGxo,Marietta,Matthesius,711-617-1575,user
550,skirkupf9@php.net,bO6jR6uzRmBH,Sheila,Kirkup,166-360-0982,user
551,osemoninfa@bizjournals.com,8Mix16u3sz,Odette,Semonin,178-403-7127,user
552,wludlowfb@chron.com,w1LHtm6Ng90,Willard,Ludlow,483-201-5511,user
553,sdraysonfc@biblegateway.com,zK1ELPWmUmrJ,Sonnnie,Drayson,598-961-2823,user
554,lgutsellfd@tinyurl.com,6YLNsJtXDQOx,Lind,Gutsell,584-957-6731,user
555,hmarquandfe@vinaora.com,tezkAMjGVA,Halimeda,Marquand,679-907-7802,user
556,nespadasff@eventbrite.com,8BMbP1g,Naomi,Espadas,588-275-7829,user
557,abirkmyrefg@comcast.net,GyFcnRoec,Amerigo,Birkmyre,236-443-2932,user
558,ghaydockfh@loc.gov,qJkyoVMIwQ,Gilemette,Haydock,172-818-2771,user
559,ebertlfi@time.com,NExrIn98985,Errol,Bertl,177-880-0185,user
560,toakinfoldfj@netvibes.com,xenIWlw,Torrin,Oakinfold,346-564-1117,user
561,jmarplesfk@chron.com,n4E9ou,Julee,Marples,912-751-8473,user
562,mpluesfl@usda.gov,7lh9aIwaMLbr,Martainn,Plues,802-195-0145,user
563,hminearfm@bbb.org,zwWcX1LaEz,Horton,Minear,991-177-8762,user
564,npaolicchifn@constantcontact.com,FLCPRGyb,Natty,Paolicchi,429-979-6020,user
565,dginiefo@timesonline.co.uk,3pwJSlHerwM,Dory,Ginie,850-410-2211,user
566,esindersonfp@salon.com,6T0Y0p6EES,Ernestine,Sinderson,621-352-4409,user
567,mcolliverfq@wsj.com,JqIevnC5tID,Mercy,Colliver,397-562-7794,user
568,aoutramfr@deviantart.com,5jKIm44Z,Arne,Outram,168-122-7550,user
569,jgedgefs@npr.org,Z0x70yRdY,Jard,Gedge,553-787-7984,user
570,ageffcockft@odnoklassniki.ru,VLurdUl89,Alethea,Geffcock,440-765-0744,user
571,ecislandfu@upenn.edu,RVtefbcTy,Evangelina,Cisland,617-729-7601,user
572,lbosmanfv@amazon.co.jp,TUVnaCoRh0S,Lammond,Bosman,847-231-4913,user
573,mhickissonfw@posterous.com,I1P81nUhad,Margeaux,Hickisson,381-166-0633,user
574,akneeshawfx@forbes.com,sZ9CJVoeX,Abdel,Kneeshaw,823-955-4251,user
575,wmcgunleyfy@hud.gov,sD9Uri9K,Wilek,McGunley,977-632-7617,user
576,mpetrollofz@pen.io,id6GFpFKPxuq,Mariam,Petrollo,758-364-9793,user
577,fgendrickeg0@wix.com,ZI99kACusI,Faydra,Gendricke,546-890-0388,user
578,ebramfordg1@symantec.com,fM6MlelI,Ethelbert,Bramford,265-112-0445,user
579,dpyvisg2@indiegogo.com,mptfYKe,Darsey,Pyvis,551-311-7423,user
580,pgeindreg3@independent.co.uk,Zjwvy3aqUIiC,Phillie,Geindre,292-277-7551,user
581,hricoaldg4@ning.com,iI4FicITpBR,Hurleigh,Ricoald,937-245-9816,user
582,jnovacekg5@amazon.co.uk,JKKii8iWh,Jess,Novacek,277-538-7729,user
583,pcunningtong6@unesco.org,c84BcS4K,Paton,Cunnington,301-802-7301,user
584,jjuszkiewiczg7@sphinn.com,3VVFPHC,Jonas,Juszkiewicz,976-470-1636,user
585,swarcopg8@prlog.org,ffDJT83,Sumner,Warcop,250-890-3544,user
586,wspringallg9@bloglovin.com,qU9lgf,Willie,Springall,344-580-9069,user
587,slomazga@wired.com,gfxbtZ,Symon,Lomaz,859-510-9556,user
588,hthorwarthgb@lycos.com,GfqayD15LC,Hernando,Thorwarth,515-320-9732,user
589,probbelgc@addthis.com,9GpyBguq1qD3,Pierrette,Robbel,584-489-8600,user
590,lbozworthgd@free.fr,OUsvCu4t,Lezlie,Bozworth,495-278-7529,user
591,heslerge@deliciousdays.com,AiGu6AC,Horatia,Esler,179-757-9643,user
592,bsauniergf@xinhuanet.com,BD3v5IidMv,Birch,Saunier,795-529-3019,user
593,rmountjoygg@psu.edu,XKdi2Wp,Rhody,Mountjoy,480-767-0005,user
594,hroutgh@loc.gov,7H9PaPVq9GYZ,Hector,Rout,202-924-2804,user
595,tclementuccigi@ifeng.com,YDAXNnNYmd,Tiphanie,Clementucci,625-973-6931,user
596,adomesdaygj@microsoft.com,nMKYrc,Alfred,Domesday,702-246-0080,user
597,kspiringgk@newyorker.com,E2AgcVxsC,Katey,Spiring,482-367-5215,user
598,wdelahuntgl@g.co,2cw0sR3b,Wilhelm,Delahunt,727-237-7901,user
599,agianiellogm@psu.edu,NmBawS,Amby,Gianiello,698-130-4088,user
600,gjealgn@reverbnation.com,rhltO8cOJF,Garald,Jeal,554-777-9324,user
601,arankmorego@woothemes.com,huChdt8krG,Abie,Rankmore,758-140-4961,user
602,kblumgp@virginia.edu,AHIFmNteLl7,Kellina,Blum,527-359-7290,user
603,skyddegq@illinois.edu,kBA2RW4PEwVf,Steffie,Kydde,909-781-9511,user
604,pvarnhamgr@umich.edu,yO5rwC7bN,Patton,Varnham,623-352-4035,user
605,singlesgs@si.edu,DI3GaV,Sigismundo,Ingles,655-478-0532,user
606,gseinegt@symantec.com,Z6EDOdI1VFdl,Gareth,Seine,504-343-0014,user
607,lcoalbrangu@example.com,CLhu6AdCw4rY,Leodora,Coalbran,732-974-7072,user
608,aedwinsongv@flavors.me,j3dOHTI,Arabel,Edwinson,208-130-1879,user
609,ikingzettgw@flavors.me,w0Qf3if2lH,Isa,Kingzett,577-627-7814,user
610,ajeffraygx@shop-pro.jp,nEQdtz1Ng,Antonio,Jeffray,973-321-9404,user
611,fhampsongy@dedecms.com,yBmYti,Fannie,Hampson,783-629-8011,user
612,rpizergz@linkedin.com,0Ph3GvMOP,Rouvin,Pizer,939-582-7788,user
613,kchritchleyh0@irs.gov,Me022du,Keen,Chritchley,126-925-6686,user
614,ggilloranh1@facebook.com,LWZgIgzz3A,Gaby,Gilloran,732-652-4525,user
615,solechnowiczh2@ca.gov,am05Ebi0aZ,Sauncho,Olechnowicz,485-270-6512,user
616,worangeh3@bandcamp.com,YubDDUqrrqj,Wally,Orange,783-454-1867,user
617,agreethamh4@usnews.com,QMnxHojC,Alma,Greetham,251-687-2233,user
618,olaugah5@wsj.com,hVqVpwEalT,Osbourn,Lauga,928-980-5599,user
619,rgoneyh6@princeton.edu,ysDQDOqnVCf,Rita,Goney,857-851-2915,user
620,gbecconsallh7@stumbleupon.com,kcHMegtAl,Gwendolyn,Becconsall,319-738-9939,user
621,gtradewellh8@deviantart.com,uDRi0AxjfP,Garvey,Tradewell,687-803-3554,user
622,hgombyh9@netvibes.com,dcs7inYLWnq,Had,Gomby,757-396-7049,user
623,kkilmaryha@sphinn.com,ChAxdA6qeb,Kimmi,Kilmary,761-365-8296,user
624,mbiasottihb@e-recht24.de,vEVKUHlJUMA,Mychal,Biasotti,130-654-9748,user
625,dtynnanhc@a8.net,T0yTLXN09ZS,Darcy,Tynnan,348-663-5914,user
626,pleschellehd@google.com.au,tchdprp,Prince,Leschelle,164-972-8630,user
627,afingletonhe@cpanel.net,S1NTp8bk,Alaric,Fingleton,326-337-3040,user
628,rjothamhf@spiegel.de,FFdBgRvo,Reiko,Jotham,942-555-9657,user
629,ndedmamhg@spotify.com,9kVgDRlnYud,Nero,Dedmam,129-131-3464,user
630,redmanshh@imdb.com,BiyeCHmZh2,Ring,Edmans,273-618-6122,user
631,eallridgehi@phoca.cz,jL2huRkx7bmB,Elton,Allridge,831-680-5594,user
632,mbibbiehj@blogs.com,cVih0BxZL,Mario,Bibbie,925-994-4495,user
633,radolthinehk@discuz.net,AcCBt4V,Raff,Adolthine,974-115-7399,user
634,lcarrabothl@miitbeian.gov.cn,AwXYDvc,Les,Carrabot,961-395-8842,user
635,kstubshm@amazon.co.uk,7jMlts6L,Kelsey,Stubs,364-545-0028,user
636,aioannidishn@youtu.be,LurTR9z,Annalee,Ioannidis,873-752-4134,user
637,aupjohnho@amazon.com,VoEro7Nd3JBw,Ancell,Upjohn,305-351-4373,user
638,lcroosehp@mail.ru,dRhtjevb,Lauren,Croose,985-479-2754,user
639,nhebbardhq@xrea.com,coIRALAOsbQ,Neda,Hebbard,482-291-3413,user
640,acoghlanhr@godaddy.com,I9JmeFr5PN,Ardisj,Coghlan,816-957-4716,user
641,trolfinihs@reverbnation.com,aHADz4aXyx,Tarra,Rolfini,760-958-5321,user
642,fkeetleyht@cam.ac.uk,Cd2kHqER,Farrel,Keetley,685-863-1713,user
643,jneenanhu@telegraph.co.uk,myKUIN,Jakie,Neenan,379-309-2843,user
644,tberendshv@sakura.ne.jp,bbqJCE,Teirtza,Berends,376-225-9405,user
645,fsiddelehw@smh.com.au,RJIRU5,Frasier,Siddele,734-667-1840,user
646,tbraccohx@gov.uk,TejU7ln,Tedd,Bracco,405-293-4492,user
647,ncharityhy@myspace.com,vS9yXPqpS,Norry,Charity,571-653-1762,user
648,gkryzhovhz@mlb.com,C8hwQgmE92yA,Gery,Kryzhov,724-493-9193,user
649,ascanterburyi0@shutterfly.com,7gIfZC,Alice,Scanterbury,180-364-2199,user
650,jberici1@bravesites.com,lhdG5Y8d,Janith,Beric,531-126-7961,user
651,gregitzi2@amazon.de,m8XlILIx,Ganny,Regitz,259-382-4540,user
652,wkelleni3@amazon.com,HO5WHczRQ,Waylen,Kellen,524-931-3342,user
653,vthomssoni4@scribd.com,4E8zQcE,Victoria,Thomsson,257-738-3299,user
654,awardalei5@washington.edu,ZD7TBi,Anica,Wardale,162-626-5135,user
655,spercyi6@comsenz.com,4gQ5kP3kyCv,Sheelagh,Percy,505-905-8865,user
656,traymeni7@webs.com,Hbh7isyS3Bx,Thalia,Raymen,210-133-8590,user
657,hseinei8@craigslist.org,QpqQPc8x,Harper,Seine,763-538-3850,user
658,sgasperii9@bbc.co.uk,tg5xjDFtLdo,Staci,Gasperi,148-777-0751,user
659,aharbyia@mail.ru,Ql3img,Aldric,Harby,696-888-8246,user
660,adenialib@ezinearticles.com,rB9gCpe,Alford,Denial,785-990-8924,user
661,zginnalyic@opensource.org,ulvqrDJ,Zacharias,Ginnaly,681-684-3294,user
662,jharlerid@blogtalkradio.com,8ShYRIZ,Joy,Harler,289-187-2654,user
663,fkhotlerie@com.com,Rea0o7Vudi,Fremont,Khotler,346-646-1857,user
664,djaramif@tumblr.com,1ciVyYt9C,Debi,Jaram,314-354-3182,user
665,gpeyroig@ibm.com,6NZfKFQBVG,Giulia,Peyro,827-231-6639,user
666,fleechmanih@huffingtonpost.com,S1BaTIWc26,Freddi,Leechman,997-302-8014,user
667,lwhiteheadii@amazon.co.jp,nrUnLeypIf,Larissa,Whitehead,519-368-8825,user
668,sspiersij@nature.com,GMAA6w,Shaylah,Spiers,265-575-8837,user
669,jgynneik@sina.com.cn,bTIA8aFLF,Justine,Gynne,679-450-2346,user
670,lvallackil@wired.com,7J2RVP2p8,Larine,Vallack,525-235-3201,user
671,wdensonim@hostgator.com,Fjg6X3LGz5d,Willabella,Denson,889-616-2945,user
672,sselfin@cnet.com,aIk0hx0,Shanna,Self,474-488-2806,user
673,kmeneoio@360.cn,r4zdiX,Kaitlin,Meneo,422-177-9699,user
674,iscouseip@cbc.ca,QncowrVVBJV,Issie,Scouse,311-785-1014,user
675,kgarkeniq@etsy.com,8SlrT1Jztno,Kelley,Garken,203-369-1887,user
676,zphilipetir@vimeo.com,orafUa5FbRaq,Zacherie,Philipet,184-454-2974,user
677,apalleyis@hao123.com,AeD8RT4TrYdT,Alphard,Palley,466-783-0885,user
678,tglancyit@angelfire.com,tO3EfrY4cE4o,Trish,Glancy,516-769-1178,user
679,nbloomfieldiu@sbwire.com,pizIYURC,Nat,Bloomfield,721-128-1979,user
680,esammeiv@homestead.com,kAbZFJOK8aX,Ema,Samme,569-931-9329,user
681,cdoaleiw@t.co,KRqGO5,Cherie,Doale,944-198-0853,user
682,hdoerrix@edublogs.org,IWDPOQ7evpuz,Hans,Doerr,985-552-4332,user
683,charseiy@time.com,hgCHAfL,Creight,Harse,458-989-8664,user
684,tsloatiz@chron.com,7iq6DPKcZfJ,Tiffi,Sloat,154-460-2600,user
685,alongoj0@github.com,UMc0mH,Abel,Longo,312-497-6707,user
686,odrillingcourtj1@europa.eu,A0YJjAUi8Jwh,Olvan,Drillingcourt,692-478-2963,user
687,jmccrumj2@unesco.org,0UDBAU,Joanna,McCrum,368-834-0298,user
688,mfeldmesserj3@edublogs.org,VLIDey0bl,Murdoch,Feldmesser,186-419-6657,user
689,gcordlej4@dagondesign.com,oCzBUDR,Gwenette,Cordle,321-545-3584,user
690,sbatissej5@spiegel.de,pMDzcdVI,Salomi,Batisse,727-158-8897,user
691,mworttj6@ezinearticles.com,KyxV8A,Misha,Wortt,306-909-0553,user
692,jluttyj7@globo.com,X4u9nl,Jeana,Lutty,974-420-3639,user
693,yromainesj8@is.gd,Lm2N70Ngs,Ynes,Romaines,420-975-7599,user
694,lballantinej9@studiopress.com,JuSfqAoqBdC,Lewes,Ballantine,136-957-7776,user
695,lredmondja@microsoft.com,GKZzM7vyTe,Lucienne,Redmond,771-103-5968,user
696,pbramichjb@blogger.com,rNQf22gSD8Q,Paquito,Bramich,781-440-6650,user
697,eporrittjc@meetup.com,oBsDj3YPrW,Eldridge,Porritt,293-618-7677,user
698,dcroomejd@noaa.gov,xuskJPJ,Doralynne,Croome,699-107-8098,user
699,jgermannje@shutterfly.com,Jg3LkTBNuWAQ,Juditha,Germann,825-847-2152,user
700,nlilleyjf@example.com,qUXRAi5yYcDA,Nanon,Lilley,330-614-8310,user
701,awalisiakjg@blogger.com,aHH2yId5hISv,Antonetta,Walisiak,258-221-9841,user
702,rbreadjh@comcast.net,o4VJirtZX5p,Richmound,Bread,687-833-3784,user
703,mjeacockji@taobao.com,krlxLqE,Matthus,Jeacock,320-173-5918,user
704,cdummettjj@independent.co.uk,29GWiDZI1r,Cyrill,Dummett,470-652-1047,user
705,sdavissonjk@pinterest.com,OlWZnLZi5,Sonny,Davisson,543-777-1380,user
706,lwolfendelljl@auda.org.au,nZggjUmUHy,Lynsey,Wolfendell,163-302-2946,user
707,rgabitisjm@geocities.com,Jj7482uVNaTU,Romeo,Gabitis,120-372-6102,user
708,gkeelingejn@posterous.com,eysrP32f,Gabi,Keelinge,649-170-4232,user
709,jsimnettjo@pinterest.com,FD8tHViVmeNZ,Juieta,Simnett,614-989-0236,user
710,bmarlonjp@hostgator.com,3x15qvIPz3N,Bobbee,Marlon,300-253-4210,user
711,bravilusjq@pcworld.com,yJT7PWe1qxk,Beck,Ravilus,201-623-6752,user
712,jbothamjr@apple.com,MsxAomBo,Juliette,Botham,872-327-9850,user
713,noatesjs@statcounter.com,bvriXyS38yWo,Nestor,Oates,181-796-1057,user
714,iquoitjt@goodreads.com,9VbZwvy,Irvine,Quoit,480-660-5368,user
715,bkikju@timesonline.co.uk,2jpxupt,Bail,Kik,184-270-4365,user
716,cgartanjv@zdnet.com,hpyNT5bC7tm,Christophorus,Gartan,728-421-3762,user
717,pgiovannaccijw@ocn.ne.jp,878Tsf,Powell,Giovannacc@i,112-132-5352,user
718,rbullcockjx@biblegateway.com,XzwbJ9HhN,Randene,Bullcock,267-812-4393,user
719,oportwainjy@uol.com.br,vLqEoQT,Orin,Portwain,110-240-8022,user
720,pvaninjz@wired.com,ueuWb05hNQ,Pandora,Vanin,260-572-3641,user
721,nruhbenk0@smugmug.com,mGmuSbbtbF4,Natala,Ruhben,785-745-6557,user
722,eakedk1@wordpress.com,5zaoygsHQg,Ernie,Aked,637-887-1843,user
723,lmatushevichk2@amazon.co.uk,X8X3qtclsdeQ,Lisette,Matushevich,350-199-2491,user
724,csemradk3@godaddy.com,vxg7Tje,Cthrine,Semrad,148-949-3986,user
725,loherlihyk4@dot.gov,LdUYMMPM,Lizabeth,Oherlihy,344-510-9056,user
726,acondictk5@instagram.com,fn035RVNblI,Adria,Condict,518-864-1895,user
727,zhandscombek6@bloglovin.com,8PZckemLU4f2,Zita,Handscombe,179-858-0522,user
728,mfakesk7@dot.gov,J7TY5OQK,Marcille,Fakes,848-833-5743,user
729,ttanserk8@alexa.com,c8XCWiHWFY,Thorsten,Tanser,633-576-9357,user
730,kfawcknerk9@npr.org,4689QK8vyg,Kincaid,Fawckner,298-813-2804,user
731,lboerderka@wufoo.com,QCCxBfczI8NG,Luis,Boerder,630-643-6049,user
732,kcleeverkb@indiegogo.com,LProLWjqRaA,Kizzie,Cleever,882-249-1665,user
733,rwrothkc@about.me,pJuRsYWx7ob,Rori,Wroth,798-251-9783,user
734,jvostkd@xinhuanet.com,pRGgnq,Jarib,Vost,210-797-0922,user
735,twilliamsonke@examiner.com,3SSi1sY,Tove,Williamson,276-886-5812,user
736,csivyourkf@amazon.co.uk,555pTnh,Cherie,Sivyour,911-820-0973,user
737,ksteinhammerkg@artisteer.com,t0jwFDMY,Kinny,Steinhammer,737-316-3442,user
738,twillavoyskh@sakura.ne.jp,b4F3of6Svw,Tiffany,Willavoys,462-229-5568,user
739,charesnapeki@tripadvisor.com,ncJxzGtCMEt0,Carling,Haresnape,451-693-1465,user
740,jpimblettkj@posterous.com,5bXnxrKt1I,Jereme,Pimblett,992-910-7979,user
741,cmenzieskk@elpais.com,tDklDrHjkN,Cindy,Menzies,154-124-5184,user
742,asuccamorekl@comcast.net,gwlDe7aXJmIG,Afton,Succamore,933-152-1422,user
743,drhymeskm@ask.com,BxWW14,Dannie,Rhymes,830-329-6913,user
744,mwallkn@redcross.org,vz3p25xz,Merissa,Wall,782-913-4212,user
745,acowopeko@istockphoto.com,yGpLXTY7m3NU,Anestassia,Cowope,440-828-8325,user
746,mpulhosterkp@homestead.com,5BHaN5uTlYLB,Marvin,Pulhoster,941-940-5983,user
747,lhollingsbykq@nba.com,BF0dzxYOzc,Lodovico,Hollingsby,647-464-4534,user
748,bmaphamkr@aol.com,cWmn8QMk,Biddie,Mapham,694-786-4194,user
749,rkuhnkeks@mediafire.com,Jfsz0OKj79c1,Raphael,Kuhnke,804-785-8574,user
750,cminnockkt@baidu.com,qKqyXqi2,Cooper,Minnock,454-122-7680,user
751,dherculsonku@quantcast.com,LJIkRnz0v3,Dona,Herculson,793-422-4526,user
752,jkeirkv@tiny.cc,RPr4Sf4UNKks,Janith,Keir,943-250-2560,user
753,ksilmonkw@parallels.com,Sya8Erb9,Ker,Silmon,147-893-6620,user
754,aantcliffkx@state.tx.us,x1HMTIre,Ari,Antcliff,569-375-1450,user
755,mjendrachky@mashable.com,qc27sBxsCv,Moselle,Jendrach,683-613-1204,user
756,kphilpottkz@cnn.com,ncUffn,Karyl,Philpott,794-845-5139,user
757,felsegoodl0@virginia.edu,5wcKRAnNyBm,Fredrick,Elsegood,116-402-8796,user
758,rwhitloel1@dyndns.org,qP6JH6,Randene,Whitloe,441-449-2794,user
759,jleaveyl2@vistaprint.com,W8wYhiG3T,Juliana,Leavey,526-389-2446,user
760,tmaccroaryl3@php.net,55ZB5ESh,Tobie,MacCroary,816-784-6655,user
761,bteapel4@sun.com,MdlkgHvm8mm,Baxie,Teape,484-615-9576,user
762,cdomencl5@digg.com,0ExL2Bw6BzLE,Calla,Domenc,975-765-8469,user
763,sgabbattl6@example.com,DJ4u4OZJ,Skippie,Gabbatt,318-913-9854,user
764,apiggotl7@addtoany.com,jHkjiJ,Andrey,Piggot,907-590-1534,user
765,lkryszkal8@newyorker.com,nV85Uk43,Luisa,Kryszka,663-377-5309,user
766,lanyenel9@ihg.com,u4yRTjh,Laryssa,Anyene,475-250-7534,user
767,escholefieldla@taobao.com,vfkoiY,Elizabeth,Scholefield,481-501-3012,user
768,eeffordlb@ehow.com,Q9xwZsVVQf,Edyth,Efford,161-382-0116,user
769,mfairmanlc@shutterfly.com,ghP12AMVjGJs,Marice,Fairman,431-908-3120,user
770,fhendrikseld@ebay.co.uk,6QGSWwEobPP,Fitzgerald,Hendrikse,314-791-1996,user
771,gkattele@cyberchimps.com,wR1YJjjmJ0BH,Galvan,Katte,780-689-9442,user
772,mshortonlf@marketwatch.com,IaEu8M9Lo,Mellisent,Shorton,205-356-1079,user
773,kferedaylg@bloglovin.com,7kR0rTtL2,Kristoforo,Fereday,137-790-1117,user
774,adonizeaulh@unc.edu,Ac5KBwO,Archy,Donizeau,587-970-5668,user
775,bdorowli@reference.com,JiMiV3t,Buddie,Dorow,811-738-2226,user
776,carnautlj@statcounter.com,Vpl5zG,Corine,Arnaut,206-931-8011,user
777,nmaccaiglk@shutterfly.com,bvBkrq68,Norry,MacCaig,228-557-7527,user
778,hhelmll@homestead.com,SYbkXv,Henrik,Helm,731-205-8038,user
779,galdwichlm@epa.gov,0Ziqk80,Germaine,Aldwich,522-550-4993,user
780,lcastellaccioln@over-blog.com,ERu8uZol,Leila,Castellaccio,963-425-7702,user
781,abecerralo@unicef.org,OgK9laZXnvo,Antonina,Becerra,383-220-1386,user
782,gpraundllp@epa.gov,iPiV9tnhHVQ,Gunner,Praundl,357-700-2657,user
783,gbuckbylq@newsvine.com,0ooM5Qf,Giacopo,Buckby,169-241-7611,user
784,gpaolicchilr@blogger.com,vlvaoZBbZO,Gui,Paolicchi,348-180-9244,user
785,dhallahanls@meetup.com,vvdFBX0rV,Debbie,Hallahan,544-706-0425,user
786,rtomeklt@sciencedaily.com,y7puE3Y6,Rozelle,Tomek,319-818-3047,user
787,espinnacelu@privacy.gov.au,0iaoXn5Aa,Eddie,Spinnace,325-429-0995,user
788,xmacronaldlv@amazonaws.com,3X3hLBQ3WL,Xavier,MacRonald,403-104-7470,user
789,lmuntlw@addtoany.com,H1tE8tB,Lauryn,Munt,481-639-5856,user
790,sfaderlx@friendfeed.com,W8NHlOb,Sven,Fader,236-605-9956,user
791,ccramphornly@spotify.com,zYfOFB,Clary,Cramphorn,769-979-1311,user
792,gpittsonlz@fotki.com,GvHj5Tl,Gordan,Pittson,845-927-4967,user
793,htettherm0@bing.com,mtcMmI2eAmiT,Helge,Tetther,799-779-8695,user
794,tclampm1@google.com.br,9q9yKlZg,Tedie,Clamp,393-128-2574,user
795,aalfonzom2@ameblo.jp,uARLEVAP28Ep,Adrea,Alfonzo,141-821-1242,user
796,wtincombem3@usatoday.com,CXYtdfy2s,Wendell,Tincombe,216-366-2354,user
797,lcruddacem4@chron.com,iLoHEr8PL,Langston,Cruddace,745-793-5074,user
798,tdeshortsm5@4shared.com,eelSYxCepzY,Taddeusz,Deshorts,509-188-7476,user
799,dyabsleym6@nsw.gov.au,h66KUECKS9u,Doug,Yabsley,920-173-9730,user
800,nheasemanm7@wired.com,I33XmoM,Noella,Heaseman,346-803-7876,user
801,fickovitsm8@yolasite.com,iXy4FwLScHYX,Farley,Ickovits,616-584-1159,user
802,glunnonm9@nifty.com,MFvkZMDP,Giavani,Lunnon,176-426-5363,user
803,ddayma@comcast.net,9XNImKdhAfJO,Dewain,Day,743-849-4436,user
804,emowermb@angelfire.com,RL80gSwm,Ella,Mower,818-905-4244,user
805,vfriedankmc@4shared.com,Hi1samXD,Vanessa,Friedank,387-138-6931,user
806,aflethammd@liveinternet.ru,FcklrO7a,Ashely,Fletham,340-421-1769,user
807,bwintme@google.co.uk,XP7ZDM,Brigid,Wint,361-277-1216,user
808,jkirwinmf@statcounter.com,Oe5YWt4i,Joela,Kirwin,960-543-0942,user
809,srousemg@yahoo.com,eAe9gRYI,Stillmann,Rouse,277-279-3317,user
810,pbrunamh@list-manage.com,j2MnapWjh,Pasquale,Bruna,437-831-8774,user
811,vloffelmi@symantec.com,C2wY3R1,Vincents,Loffel,877-727-1582,user
812,tbradbornemj@sogou.com,LPn7NUaVlnvX,Thea,Bradborne,260-854-8650,user
813,kkleinmintzmk@upenn.edu,8CDoU6lXSHm,Kim,Kleinmintz,338-172-5848,user
814,smckintoshml@jigsy.com,LFYbG9K9y,Shem,McKintosh,693-596-5765,user
815,thearemm@globo.com,HRSrPex,Teddy,Heare,867-114-1236,user
816,bgeraldezmn@purevolume.com,oP8R0zLE5,Blanch,Geraldez,561-679-9867,user
817,rlegassickmo@eventbrite.com,0NpnL7uCY,Robby,Le Gassick,418-363-6558,user
818,jwernhermp@foxnews.com,fq7y6sfsxHE7,Job,Wernher,573-890-0978,user
819,bgoodlettmq@sohu.com,fRmHRzw9,Bobette,Goodlett,628-375-0242,user
820,mgrewmr@yale.edu,QMx4GuaQT8K,Margarethe,Grew,863-841-8669,user
821,slindroms@cdc.gov,pglVYkFbG,Shirley,Lindro,238-561-3275,user
822,mburcombemt@cocolog-nifty.com,bkG4QHSmg6,Marys,Burcombe,157-989-4488,user
823,misittmu@feedburner.com,rh9tbjT0Di0s,Marys,Isitt,633-382-4765,user
824,hmcfallmv@weibo.com,KPnb2otBMY,Herbie,McFall,949-701-2189,user
825,tboninmw@npr.org,ehpNkZTZJ,Thatcher,Bonin,645-264-0931,user
826,agiraldonmx@va.gov,KwxydOQxPA,Arlie,Giraldon,381-602-6959,user
827,lbattissonmy@reverbnation.com,p9l4UhrM,Lemuel,Battisson,560-707-2722,user
828,dmullinmz@addthis.com,WmsObf,Drucie,Mullin,192-431-2227,user
829,opassinghamn0@cnbc.com,Flu6Zzz6mXV2,Ody,Passingham,280-344-6070,user
830,ttuhyn1@surveymonkey.com,YurmxA2s,Tammara,Tuhy,196-903-6420,user
831,yslorancen2@ycombinator.com,TFeCQIvT0DB,Yvor,Slorance,629-589-3011,user
832,ajorgensenn3@slashdot.org,Vg2adpTnF,Andras,Jorgensen,599-771-0758,user
833,cristen4@microsoft.com,bR8JYm6lh,Corbie,Riste,363-740-2726,user
834,dtotterdilln5@jimdo.com,srjyD0JYOGv,Del,Totterdill,478-398-0205,user
835,ogrewesn6@washington.edu,WGJ0DIEsi8m,Osmund,Grewes,183-677-5010,user
836,sdurgann7@ucla.edu,brFJkJueW7f,Symon,Durgan,737-243-4187,user
837,womaran8@businessinsider.com,AJtoPB,Wolf,O'Mara,560-804-2954,user
838,calmondn9@psu.edu,zZqHkQ8EeRDS,Chris,Almond,667-800-2505,user
839,gjostanna@amazon.com,R9l5bx43Rpvt,Gavan,Jostan,989-121-8407,user
840,bfallanb@weibo.com,C2ArYoarm7,Beverlie,Falla,648-974-6062,user
841,jgrenkovnc@1688.com,NAqsis,Jean,Grenkov,457-433-3182,user
842,ckubickind@bigcartel.com,ITmFimTcPHW,Calhoun,Kubicki,779-443-1681,user
843,wwelfairne@merriam-webster.com,wVlU6Oz,Winni,Welfair,298-159-0578,user
844,bgailornf@sina.com.cn,jW76KH4LBE,Brita,Gailor,475-439-7575,user
845,halexanderssonng@tripod.com,FobJbqoN5r,Helenka,Alexandersson,716-743-0360,user
846,fgrebnernh@blogs.com,PoIztwdW5Oye,Faye,Grebner,750-842-2537,user
847,dbosenworthni@google.de,cTcCwOcC5Qw,Duke,Bosenworth,170-182-4527,user
848,vburgisenj@linkedin.com,VLdSlUF,Verge,Burgise,901-881-0176,user
849,lschiellnk@opera.com,29ecm796,Lou,Schiell,492-129-0760,user
850,fughininl@nbcnews.com,fjZrsNMUbj,Faber,Ughini,771-828-9847,user
851,mnicklennm@rediff.com,KVvroB9T,Maurene,Nicklen,125-722-1692,user
852,cbakewellnn@usda.gov,zCNYsYZM,Casper,Bakewell,721-881-8391,user
853,jdemkowiczno@ucoz.ru,wyoTtNb3YwI,Jose,Demkowicz,541-269-4903,user
854,dsafontnp@clickbank.net,B8SdejL28,Dalia,Safont,600-737-9801,user
855,oonolandnq@goodreads.com,oXe4Lo6pClVC,Orel,O'Noland,937-662-4520,user
856,umcdermottnr@cloudflare.com,RG1tsWwCyj,Umeko,McDermott,753-325-4265,user
857,edesvignesns@hp.com,37kDtvDr,Elliot,Desvignes,420-853-8563,user
858,isagernt@salon.com,w3Fs3BtbOGOt,Idette,Sager,538-391-9525,user
859,bspinksnu@tumblr.com,sJtw95eyWL9,Belia,Spinks,965-978-6746,user
860,dduckernv@usgs.gov,hmHZJ3symR,Doyle,Ducker,395-217-0104,user
861,srothchildnw@woothemes.com,VcY9Du5KSy71,Salaidh,Rothchild,760-403-6945,user
862,aastellnx@intel.com,r1ESGAcJBUP,Ardine,Astell,850-536-1982,user
863,ccaughanny@livejournal.com,hUO84jaY,Constance,Caughan,289-602-5986,user
864,pflickernz@amazonaws.com,QxvWlKOvKC0G,Parnell,Flicker,903-507-9931,user
865,jpercyo0@telegraph.co.uk,FzmnXpsN500N,Jacquelin,Percy,613-143-3838,user
866,ascotchero1@sourceforge.net,0bICSpe7f,Alie,Scotcher,283-997-9029,user
867,mshilstoneo2@princeton.edu,mtpVT7d,Mikaela,Shilstone,324-398-9050,user
868,csorelo3@scientificamerican.com,HxaRjEzLWnlD,Che,Sorel,889-994-0764,user
869,gtesimono4@loc.gov,tk1JDe,Gill,Tesimon,169-588-1021,user
870,jivanilovo5@wikia.com,Hf3aEe1lNKL,Jonathon,Ivanilov,165-224-4453,user
871,mspongo6@elegantthemes.com,CiJbo4zv0SKj,Marleah,Spong,292-599-2234,user
872,lreyburno7@jigsy.com,Dti9hZBN,Liv,Reyburn,834-989-3035,user
873,kgullicko8@fda.gov,WLLZopLnbv,Karol,Gullick,548-619-1974,user
874,akerricho9@businessweek.com,mzoKx3,Adele,Kerrich,427-384-5569,user
875,spaddonoa@miitbeian.gov.cn,Kc4PHu,Sheila,Paddon,960-432-6526,user
876,hweepersob@cyberchimps.com,Xk2QqZx,Huntlee,Weepers,313-132-8262,user
877,rbroadbentoc@clickbank.net,Gb9WybNIWH,Raymund,Broadbent,227-110-6411,user
878,tseligsonod@buzzfeed.com,59Hqd0smEki,Tad,Seligson,758-642-4104,user
879,bbenyanoe@uol.com.br,XEb2U0,Bendix,Benyan,225-467-3683,user
880,kdanilinof@soundcloud.com,2ojhEkI2AxQ,Kaylee,Danilin,742-308-6119,user
881,awandrichog@merriam-webster.com,F67xb2,Arel,Wandrich,698-892-8184,user
882,ryausoh@nsw.gov.au,Ovu0WDlt,Rab,Yaus,701-969-4699,user
883,kewensonoi@eventbrite.com,5TV7mr,Kenyon,Ewenson,428-681-7524,user
884,erosbroughoj@washingtonpost.com,HQOHsGrt,Emerson,Rosbrough,397-952-2926,user
885,keldridok@msu.edu,x228qtkwPx,Kettie,Eldrid,688-783-5426,user
886,myeudeol@ox.ac.uk,nQn7K0ZC2pk,Mozelle,Yeude,915-808-9947,user
887,chabberjamom@goo.ne.jp,gS8XDD2ZEs,Cathe,Habberjam,174-402-6933,user
888,eweageneron@techcrunch.com,1S1eqXHK1c9,Elsy,Weagener,864-391-3683,user
889,rwrothamoo@state.gov,oZQtAKINVX,Rania,Wrotham,203-380-8931,user
890,gcarineop@hugedomains.com,5vqAqmVy8f,Gav,Carine,552-640-1759,user
891,clittrickoq@tripod.com,ZETHjjIqv,Caralie,Littrick,789-324-1333,user
892,edoyleor@xinhuanet.com,Dd9Pp5ErUrV,Etty,Doyle,380-111-2231,user
893,rbonhillos@opera.com,pZWV3QK,Rosabella,Bonhill,702-948-6945,user
894,itiffanyot@cdbaby.com,su1jLux,Idalina,Tiffany,164-128-6675,user
895,ccoatesou@cafepress.com,dT3ozm2Fai,Carlita,Coates,764-474-8109,user
896,edorranov@mapy.cz,MpKYSq9fl,Eleni,Dorran,508-853-1714,user
897,kdowreyow@sohu.com,3xycyfP,Karoly,Dowrey,997-353-1415,user
898,ccarisox@smugmug.com,hXAqAcQ7mnb,Chrissie,Caris,294-192-2755,user
899,afaceyoy@ebay.com,7lkQeTqFad,Archibald,Facey,200-329-0545,user
900,aroselloz@booking.com,t1lvbNA0rs,Agretha,Rosell,362-903-8283,user
901,nollep0@unc.edu,4SFU7Jstf,Nappie,Olle,971-479-4928,user
902,vmaclainep1@webnode.com,AUEJt7J1fkTR,Vickie,Maclaine,318-691-0481,user
903,bmanueaup2@about.com,lUCWyl5Sb9,Brittney,Manueau,595-744-5462,user
904,jdonisop3@washington.edu,Rc71tv1t,Jacquelin,Doniso,726-832-1816,user
905,lstubbesp4@hatena.ne.jp,OqRJkD,Lianna,Stubbes,164-472-7694,user
906,gdurganp5@sourceforge.net,4M5SqWmGo0,Gaynor,Durgan,600-459-0350,user
907,ggirtonp6@dailymotion.com,6ipw8Da,Gennifer,Girton,792-649-3486,user
908,eavisonp7@netlog.com,HTPlKu3eUu,Ewart,Avison,150-507-0933,user
909,cgreystockp8@ted.com,F1fwhGe,Cobby,Greystock,532-447-1571,user
910,wcompsonp9@liveinternet.ru,4DTy4EJ,Wallache,Compson,586-908-7148,user
911,bsteljespa@tumblr.com,JM4GIddzAq,Bryna,Steljes,313-534-4042,user
912,bchomiczpb@hc360.com,JvZp1iUgPgLp,Bentlee,Chomicz,910-503-5773,user
913,cfarfalameevpc@comsenz.com,aVOn5JSk,Caralie,Farfalameev,943-842-2543,user
914,ebennoepd@cocolog-nifty.com,mkIHBIR,Elli,Bennoe,520-846-1965,user
915,dlenschpe@nydailynews.com,mnPzSwPnCzTv,Dennie,Lensch,300-434-0581,user
916,slissimorepf@surveymonkey.com,3f9cBaGY69f,Susanne,Lissimore,992-405-2578,user
917,njurzykpg@accuweather.com,RpGcGyfi,Noell,Jurzyk,129-913-0963,user
918,cwadwellph@hugedomains.com,SJvf7Sm,Carmella,Wadwell,195-281-0558,user
919,bdaughtrypi@technorati.com,mta6gKUbxK,Bertha,Daughtry,906-866-1561,user
920,vfraschettipj@wikispaces.com,3MOBxBLY,Vivian,Fraschetti,976-808-7077,user
921,fchestnutpk@hostgator.com,lyJNXQ,Freida,Chestnut,409-368-8188,user
922,vroostanpl@illinois.edu,2mYGl3q,Verine,Roostan,152-406-1364,user
923,dshitliffepm@narod.ru,hUh2v8rQ,Dorine,Shitliffe,100-431-9250,user
924,emabbottpn@nih.gov,w2t5m6Vgjv,Eugenia,Mabbott,642-884-0412,user
925,sjoskovitchpo@yahoo.com,5EWKMSm,Sonny,Joskovitch,209-364-6299,user
926,adenshampp@dedecms.com,hJ4Vcg,Abrahan,Densham,687-233-4123,user
927,sbartalonipq@japanpost.jp,4izIYctb,Sayres,Bartaloni,500-172-1127,user
928,mdurradpr@tinypic.com,dlN0qbl,Marj,Durrad,434-869-8686,user
929,bdonnps@usnews.com,Rli4RA6yxRky,Bartholemy,Donn,779-916-7948,user
930,eabbetspt@umich.edu,P7FZXbZuX8m,Edward,Abbets,352-926-4234,user
931,gmedforthpu@usatoday.com,pWuy5xAz,Gerri,Medforth,678-888-9378,user
932,sterrettpv@census.gov,KX4HTvFTS9,Sutherland,Terrett,497-505-0513,user
933,bmackeeverpw@pinterest.com,JQwhc8Ohzj,Beverlie,MacKeever,986-221-0481,user
934,mbarepx@howstuffworks.com,GcRmy9,Maire,Bare,712-312-7438,user
935,lsadlerpy@github.io,fEJIQATT,Leonore,Sadler,255-323-5457,user
936,clambertspz@columbia.edu,SF1qP5EOE,Cletis,Lamberts,853-569-7332,user
937,shakewellq0@harvard.edu,fxSix5gn3kZs,Sonny,Hakewell,283-154-1915,user
938,vschruursq1@cnet.com,I8W4ccwd,Victor,Schruurs,335-137-7127,user
939,xgrigoriniq2@buzzfeed.com,fgPJdsCb,Xenos,Grigorini,808-535-1503,user
940,gridenq3@geocities.com,QZ1bOP80yRG5,Gothart,Riden,940-289-4108,user
941,vgregorioq4@pen.io,1WoVBpu,Vicki,Gregorio,306-569-9549,user
942,gbesterq5@taobao.com,6SapSYPX,Gregoire,Bester,730-505-5028,user
943,hcrookesq6@icio.us,5S8Y5JHlvu,Hallie,Crookes,105-925-4697,user
944,pklaaasenq7@huffingtonpost.com,6Z0EfpCRJag,Paton,Klaaasen,751-410-8666,user
945,lflearq8@jalbum.net,pMkJrfpqY,Lisette,Flear,139-567-4127,user
946,tfrigoutq9@toplist.cz,DFKxQUkJCRq,Thorn,Frigout,514-217-2865,user
947,fperoqa@amazon.co.uk,gIKlCYkT96d,Farrand,Pero,108-625-1354,user
948,dfilkinqb@123-reg.co.uk,NKFR2CWkuT2a,Deane,Filkin,112-133-6624,user
949,gpienqc@buzzfeed.com,DIzGTOxPoA,Grata,Pien,920-447-7561,user
950,csandsqd@baidu.com,KJGjBhO3K6R,Chadd,Sands,574-534-3250,user
951,jstattonqe@so-net.ne.jp,Xt1JF0q1,Johnathan,Statton,788-428-8769,user
952,lklimschakqf@phoca.cz,bGmY31,Ludvig,Klimschak,181-101-2497,user
953,ktreffreyqg@yolasite.com,J8EsUvC27p,Ken,Treffrey,567-480-3376,user
954,cthiemeqh@google.nl,n7antNwhc,Crosby,Thieme,814-416-7803,user
955,wcoalqi@theatlantic.com,c3WKV8zkPD,Wilhelmine,Coal,226-301-3954,user
956,dtrytsmanqj@cmu.edu,wZcmfyzJz,Dougie,Trytsman,161-740-3619,user
957,rowainqk@army.mil,SYjc5c,Riannon,Owain,732-581-2641,user
958,agerckeql@geocities.com,7FQ9IXA,Aeriell,Gercke,823-679-5479,user
959,crosebyqm@dmoz.org,s19NnME,Carie,Roseby,752-872-8963,user
960,spicknettqn@qq.com,ijWGt5lyu,Sibley,Picknett,308-919-9091,user
961,ptissierqo@51.la,CgakA9DVcS,Pauly,Tissier,199-722-5145,user
962,fapplinqp@reuters.com,mMV0dmE28iU,Francis,Applin,729-804-8068,user
963,cburvillqq@columbia.edu,QeLHzq,Crawford,Burvill,704-796-1003,user
964,cmainstonqr@yelp.com,NkiLe5pQHtT,Corry,Mainston,809-222-8684,user
965,nlavallinqs@com.com,k41KRsk,Noelani,Lavallin,717-610-5912,user
966,jquoganqt@youtu.be,bm3pmt57L,Juli,Quogan,188-876-2093,user
967,sdecourtneyqu@xinhuanet.com,PCwulX8v,Sascha,De Courtney,927-963-7302,user
968,rwellqv@mapquest.com,5lbhSnoFJv,Reba,Well,400-937-7368,user
969,vhuntingtonqw@soup.io,eBWzkFnY,Valaree,Huntington,274-235-8487,user
970,wsailsqx@guardian.co.uk,wrYoCJy2v,Wilie,Sails,178-176-2495,user
971,rsegoqy@ucsd.edu,HzgBgsYXya,Richie,Sego,729-676-1312,user
972,eonowlanqz@guardian.co.uk,JO3FjeztX3T,Ellen,O'Nowlan,554-564-0677,user
973,mrudeforthr0@ocn.ne.jp,glhXa5wYxTD,Meg,Rudeforth,165-169-4928,user
974,nmcguinleyr1@skyrock.com,POJVo0,Nonie,McGuinley,134-295-3707,user
975,sgibbsr2@ca.gov,tayTtK,Shannon,Gibbs,461-624-9663,user
976,csuggettr3@sohu.com,HflsY4,Caron,Suggett,690-287-1448,user
977,sdablingr4@statcounter.com,WAznY8ByFy,Salli,Dabling,638-395-4674,user
978,qtackesr5@acquirethisname.com,ZwV0hZ,Quillan,Tackes,871-317-9997,user
979,jgowanlockr6@1688.com,t9fkW3VoU,June,Gowanlock,548-368-2675,user
980,jnapolitanor7@cyberchimps.com,T9yb1hvmcg,Janie,Napolitano,575-423-3018,user
981,bkornesr8@t-online.de,MuNnFJMC,Brook,Kornes,631-383-0236,user
982,llaffinr9@mac.com,ZK6xpDsMsQ,Leelah,Laffin,833-101-9914,user
983,eiczokvitzra@ocn.ne.jp,AlKBNiK,Esdras,Iczokvitz,266-230-8950,user
984,anernrb@symantec.com,l9YfoGxkBsd,Ameline,Nern,633-745-3772,user
985,dcahalanrc@hostgator.com,LXMoOGwrl,Dode,Cahalan,310-589-3333,user
986,walprd@dropbox.com,RUpZWXb0p,Wilt,Alp,756-366-8243,user
987,wstilesre@auda.org.au,KxPsB4,Wait,Stiles,728-188-3342,user
988,avollamrf@google.it,izBub7E4NX,Ashley,Vollam,825-328-0920,user
989,bstannislawskirg@list-manage.com,ONe21M4O,Bealle,Stannislawski,894-259-8604,user
990,fmeneorh@booking.com,DAm3T3ST,Florie,Meneo,571-520-8484,user
991,kbontineri@tripod.com,qEiCg0co,Korney,Bontine,904-599-0629,user
992,bkilkennyrj@webmd.com,pc8JMvPIn2pE,Bambi,Kilkenny,619-498-1663,user
993,dchisolmrk@theglobeandmail.com,HFf6O2v8,Dwight,Chisolm,155-863-3142,user
994,rackrillrl@over-blog.com,rQK13Kamk,Rozanna,Ackrill,978-458-2210,user
995,cturlrm@meetup.com,Eh0CwV,Carmine,Turl,511-109-4687,user
996,dpinern@addthis.com,TmJVPvo,Devlen,Pine,345-584-9802,user
997,kfatkinro@ustream.tv,HV9rOzyCrFZw,Killie,Fatkin,108-120-6028,user
998,fgilffillanrp@opensource.org,NqCZh26n,Fiann,Gilffillan,151-231-7937,user
999,ptuftsrq@ft.com,i4WiLRMM,Parrnell,Tufts,153-800-4991,user
1000,gchivrallrr@npr.org,uvjPu7016,Glynis,Chivrall,205-295-8851,user
